mode,era,category,delay_minutes,incidents,zero_minute_incidents
bus,2025+,Cleaning/Sanitation,45918.0,2857,34
bus,2025+,Collision,112467.0,7487,974
bus,2025+,Emergency/Medical,109072.0,9217,2095
bus,2025+,Mechanical,211611.0,14990,240
bus,2025+,Operations/Crew,782270.0,29120,4301
bus,2025+,Security,57668.0,4916,1218
bus,2025+,Track/Overhead,91891.0,5598,424
bus,2025+,Unclassified,343420.0,26716,3204
bus,pre-2025,Cleaning/Sanitation,235807.0,17704,268
bus,pre-2025,Collision,327051.0,17182,1733
bus,pre-2025,Emergency/Medical,256287.0,21134,2450
bus,pre-2025,Mechanical,2969186.0,249451,2825
bus,pre-2025,Operations/Crew,5782153.0,321857,9835
bus,pre-2025,Security,828286.0,67621,4486
bus,pre-2025,Track/Overhead,1004.0,24,4
bus,pre-2025,Unclassified,80096.0,6162,56
streetcar,2025+,Cleaning/Sanitation,27131.0,2510,30
streetcar,2025+,Collision,32223.0,1147,124
streetcar,2025+,Emergency/Medical,40978.0,2890,725
streetcar,2025+,Mechanical,14533.0,1039,37
streetcar,2025+,Operations/Crew,147432.0,6564,512
streetcar,2025+,Security,25510.0,2458,913
streetcar,2025+,Track/Overhead,54095.0,2118,387
streetcar,2025+,Unclassified,36162.0,4778,2442
streetcar,pre-2025,Cleaning/Sanitation,48652.0,5486,73
streetcar,pre-2025,Collision,48177.0,2494,207
streetcar,pre-2025,Emergency/Medical,114850.0,8050,1118
streetcar,pre-2025,Mechanical,385720.0,46508,826
streetcar,pre-2025,Operations/Crew,943345.0,64062,3243
streetcar,pre-2025,Security,271472.0,19162,1868
streetcar,pre-2025,Track/Overhead,24341.0,938,252
streetcar,pre-2025,Unclassified,18.0,2,0
subway,2025+,Cleaning/Sanitation,3697.0,1183,337
subway,2025+,Collision,2643.0,34,1
subway,2025+,Emergency/Medical,18125.0,11005,9032
subway,2025+,Mechanical,9227.0,1597,275
subway,2025+,Operations/Crew,13266.0,6627,4177
subway,2025+,Security,29655.0,11120,7506
subway,2025+,Track/Overhead,26406.0,7892,4561
subway,2025+,Unclassified,11272.0,6004,3780
subway,pre-2025,Cleaning/Sanitation,11196.0,2970,529
subway,pre-2025,Collision,27571.0,368,14
subway,pre-2025,Emergency/Medical,87639.0,46732,37015
subway,pre-2025,Mechanical,58684.0,12303,2193
subway,pre-2025,Operations/Crew,92315.0,43271,25057
subway,pre-2025,Security,136322.0,37359,21427
subway,pre-2025,Track/Overhead,84025.0,44573,33081
subway,pre-2025,Unclassified,48789.0,34757,25731
