hour,mode,category,delay_minutes,incidents,zero_minute_incidents
0,bus,Cleaning/Sanitation,6633.0,416,5
0,bus,Collision,9675.0,383,64
0,bus,Emergency/Medical,15478.0,1074,117
0,bus,Mechanical,56584.0,3734,49
0,bus,Operations/Crew,104349.0,3923,144
0,bus,Security,26651.0,1763,168
0,bus,Track/Overhead,1891.0,103,12
0,bus,Unclassified,9514.0,633,61
0,streetcar,Cleaning/Sanitation,4009.0,415,2
0,streetcar,Collision,2172.0,75,10
0,streetcar,Emergency/Medical,8395.0,578,72
0,streetcar,Mechanical,10125.0,951,11
0,streetcar,Operations/Crew,31442.0,1338,79
0,streetcar,Security,11208.0,767,95
0,streetcar,Track/Overhead,2785.0,113,19
0,streetcar,Unclassified,1501.0,132,48
0,subway,Cleaning/Sanitation,1032.0,228,34
0,subway,Collision,834.0,12,0
0,subway,Emergency/Medical,4024.0,2427,2004
0,subway,Mechanical,1789.0,331,62
0,subway,Operations/Crew,2873.0,1217,755
0,subway,Security,8278.0,2189,1263
0,subway,Track/Overhead,3587.0,1318,903
0,subway,Unclassified,2101.0,980,621
1,bus,Cleaning/Sanitation,4176.0,240,6
1,bus,Collision,5194.0,263,85
1,bus,Emergency/Medical,12263.0,1059,280
1,bus,Mechanical,37866.0,2584,73
1,bus,Operations/Crew,106031.0,3262,193
1,bus,Security,17808.0,1411,284
1,bus,Track/Overhead,1267.0,74,18
1,bus,Unclassified,5171.0,421,113
1,streetcar,Cleaning/Sanitation,3750.0,363,4
1,streetcar,Collision,2340.0,107,19
1,streetcar,Emergency/Medical,7120.0,621,168
1,streetcar,Mechanical,8224.0,694,10
1,streetcar,Operations/Crew,25746.0,1112,81
1,streetcar,Security,9699.0,825,221
1,streetcar,Track/Overhead,3482.0,115,17
1,streetcar,Unclassified,903.0,160,101
1,subway,Cleaning/Sanitation,491.0,134,44
1,subway,Collision,559.0,16,2
1,subway,Emergency/Medical,3083.0,2680,2393
1,subway,Mechanical,1826.0,281,53
1,subway,Operations/Crew,2487.0,1218,829
1,subway,Security,6638.0,2156,1431
1,subway,Track/Overhead,2599.0,1182,863
1,subway,Unclassified,1900.0,763,468
2,bus,Cleaning/Sanitation,3870.0,209,3
2,bus,Collision,6229.0,225,67
2,bus,Emergency/Medical,13731.0,1108,337
2,bus,Mechanical,29442.0,1761,39
2,bus,Operations/Crew,122707.0,2595,180
2,bus,Security,20683.0,1516,423
2,bus,Track/Overhead,1624.0,80,13
2,bus,Unclassified,4191.0,321,96
2,streetcar,Cleaning/Sanitation,3401.0,253,3
2,streetcar,Collision,1562.0,66,12
2,streetcar,Emergency/Medical,7009.0,566,205
2,streetcar,Mechanical,5869.0,385,7
2,streetcar,Operations/Crew,29562.0,984,86
2,streetcar,Security,9803.0,839,329
2,streetcar,Track/Overhead,3883.0,108,16
2,streetcar,Unclassified,1519.0,258,183
2,subway,Cleaning/Sanitation,36.0,34,28
2,subway,Collision,25.0,1,0
2,subway,Emergency/Medical,285.0,1736,1711
2,subway,Mechanical,153.0,40,21
2,subway,Operations/Crew,424.0,649,592
2,subway,Security,1050.0,1227,1126
2,subway,Track/Overhead,448.0,670,611
2,subway,Unclassified,289.0,179,148
3,bus,Cleaning/Sanitation,4606.0,245,3
3,bus,Collision,4489.0,134,34
3,bus,Emergency/Medical,14812.0,973,224
3,bus,Mechanical,25685.0,1427,22
3,bus,Operations/Crew,54672.0,1583,131
3,bus,Security,19672.0,1309,337
3,bus,Track/Overhead,1475.0,68,11
3,bus,Unclassified,3904.0,340,148
3,streetcar,Cleaning/Sanitation,3383.0,180,4
3,streetcar,Collision,1148.0,40,15
3,streetcar,Emergency/Medical,6090.0,394,127
3,streetcar,Mechanical,4210.0,234,9
3,streetcar,Operations/Crew,19542.0,708,65
3,streetcar,Security,8049.0,598,222
3,streetcar,Track/Overhead,2033.0,69,7
3,streetcar,Unclassified,1641.0,171,93
3,subway,Cleaning/Sanitation,40.0,44,36
3,subway,Emergency/Medical,3.0,220,219
3,subway,Mechanical,25.0,13,9
3,subway,Operations/Crew,73.0,338,330
3,subway,Security,71.0,213,205
3,subway,Track/Overhead,10.0,198,197
3,subway,Unclassified,16.0,74,72
4,bus,Cleaning/Sanitation,3254.0,148,1
4,bus,Collision,4160.0,165,50
4,bus,Emergency/Medical,9628.0,836,373
4,bus,Mechanical,37094.0,2203,58
4,bus,Operations/Crew,83775.0,4108,180
4,bus,Security,15776.0,1369,628
4,bus,Track/Overhead,2224.0,119,16
4,bus,Unclassified,7147.0,582,213
4,streetcar,Cleaning/Sanitation,3178.0,173,2
4,streetcar,Collision,1106.0,30,7
4,streetcar,Emergency/Medical,5521.0,330,106
4,streetcar,Mechanical,7629.0,631,35
4,streetcar,Operations/Crew,28307.0,1396,68
4,streetcar,Security,6794.0,429,135
4,streetcar,Track/Overhead,2554.0,81,13
4,streetcar,Unclassified,1661.0,184,81
4,subway,Cleaning/Sanitation,51.0,51,40
4,subway,Emergency/Medical,0.0,166,166
4,subway,Mechanical,10.0,18,17
4,subway,Operations/Crew,16.0,241,238
4,subway,Security,24.0,171,166
4,subway,Track/Overhead,861.0,227,199
4,subway,Unclassified,0.0,209,209
5,bus,Cleaning/Sanitation,2818.0,178,1
5,bus,Collision,6839.0,350,69
5,bus,Emergency/Medical,9208.0,1116,463
5,bus,Mechanical,136571.0,11455,294
5,bus,Operations/Crew,356244.0,24353,638
5,bus,Security,18573.0,1895,695
5,bus,Track/Overhead,7713.0,445,23
5,bus,Unclassified,22104.0,1740,264
5,streetcar,Cleaning/Sanitation,2158.0,145,2
5,streetcar,Collision,1241.0,52,12
5,streetcar,Emergency/Medical,5718.0,433,187
5,streetcar,Mechanical,27178.0,3374,82
5,streetcar,Operations/Crew,57443.0,5148,156
5,streetcar,Security,9352.0,768,315
5,streetcar,Track/Overhead,2669.0,124,26
5,streetcar,Unclassified,1972.0,346,224
5,subway,Cleaning/Sanitation,1184.0,282,55
5,subway,Collision,60.0,1,0
5,subway,Emergency/Medical,895.0,404,370
5,subway,Mechanical,3641.0,470,50
5,subway,Operations/Crew,7627.0,3198,1933
5,subway,Security,869.0,434,356
5,subway,Track/Overhead,12870.0,2948,1742
5,subway,Unclassified,2132.0,585,268
6,bus,Cleaning/Sanitation,4864.0,331,4
6,bus,Collision,13446.0,750,88
6,bus,Emergency/Medical,12916.0,1323,166
6,bus,Mechanical,248191.0,23499,288
6,bus,Operations/Crew,458009.0,34612,556
6,bus,Security,27105.0,2351,220
6,bus,Track/Overhead,5523.0,341,15
6,bus,Unclassified,28898.0,2307,90
6,streetcar,Cleaning/Sanitation,2037.0,212,4
6,streetcar,Collision,2020.0,88,8
6,streetcar,Emergency/Medical,4574.0,392,127
6,streetcar,Mechanical,31495.0,4217,87
6,streetcar,Operations/Crew,55986.0,5430,235
6,streetcar,Security,9430.0,746,170
6,streetcar,Track/Overhead,1639.0,86,22
6,streetcar,Unclassified,1899.0,320,174
6,subway,Cleaning/Sanitation,401.0,131,35
6,subway,Collision,835.0,9,0
6,subway,Emergency/Medical,2522.0,1000,819
6,subway,Mechanical,5982.0,1188,166
6,subway,Operations/Crew,10328.0,3191,1069
6,subway,Security,2488.0,926,643
6,subway,Track/Overhead,11728.0,5243,3593
6,subway,Unclassified,2971.0,2015,1482
7,bus,Cleaning/Sanitation,4562.0,336,4
7,bus,Collision,15280.0,1059,89
7,bus,Emergency/Medical,11581.0,1030,96
7,bus,Mechanical,198243.0,18730,169
7,bus,Operations/Crew,353348.0,20170,527
7,bus,Security,27874.0,2590,119
7,bus,Track/Overhead,5442.0,313,16
7,bus,Unclassified,23994.0,1887,83
7,streetcar,Cleaning/Sanitation,2060.0,230,2
7,streetcar,Collision,2778.0,128,10
7,streetcar,Emergency/Medical,3161.0,280,42
7,streetcar,Mechanical,25088.0,3466,78
7,streetcar,Operations/Crew,42048.0,3412,147
7,streetcar,Security,8790.0,735,71
7,streetcar,Track/Overhead,2499.0,104,19
7,streetcar,Unclassified,1197.0,191,84
7,subway,Cleaning/Sanitation,509.0,165,38
7,subway,Collision,607.0,9,0
7,subway,Emergency/Medical,3423.0,1726,1300
7,subway,Mechanical,5112.0,1072,169
7,subway,Operations/Crew,5812.0,2855,1558
7,subway,Security,3317.0,1426,948
7,subway,Track/Overhead,6505.0,4181,3138
7,subway,Unclassified,2421.0,1076,632
8,bus,Cleaning/Sanitation,6835.0,515,8
8,bus,Collision,21209.0,1495,125
8,bus,Emergency/Medical,12718.0,1150,122
8,bus,Mechanical,159385.0,14421,132
8,bus,Operations/Crew,363003.0,20210,708
8,bus,Security,35791.0,3261,126
8,bus,Track/Overhead,4241.0,275,18
8,bus,Unclassified,20391.0,1622,103
8,streetcar,Cleaning/Sanitation,2538.0,276,2
8,streetcar,Collision,3036.0,169,9
8,streetcar,Emergency/Medical,4530.0,357,31
8,streetcar,Mechanical,20930.0,2614,56
8,streetcar,Operations/Crew,47757.0,3130,191
8,streetcar,Security,11753.0,836,59
8,streetcar,Track/Overhead,1812.0,106,30
8,streetcar,Unclassified,1183.0,182,85
8,subway,Cleaning/Sanitation,901.0,257,39
8,subway,Collision,1226.0,13,1
8,subway,Emergency/Medical,8568.0,3691,2431
8,subway,Mechanical,5249.0,1138,216
8,subway,Operations/Crew,7054.0,3161,1751
8,subway,Security,4870.0,1827,1166
8,subway,Track/Overhead,6766.0,3885,2873
8,subway,Unclassified,3207.0,2082,1415
9,bus,Cleaning/Sanitation,21459.0,1734,41
9,bus,Collision,21306.0,1454,199
9,bus,Emergency/Medical,13000.0,1100,137
9,bus,Mechanical,145084.0,12200,139
9,bus,Operations/Crew,263975.0,14300,746
9,bus,Security,36010.0,3235,151
9,bus,Track/Overhead,4627.0,314,25
9,bus,Unclassified,18803.0,1450,121
9,streetcar,Cleaning/Sanitation,2898.0,306,3
9,streetcar,Collision,3297.0,182,13
9,streetcar,Emergency/Medical,4912.0,335,39
9,streetcar,Mechanical,19661.0,2338,46
9,streetcar,Operations/Crew,47641.0,3579,190
9,streetcar,Security,12680.0,932,69
9,streetcar,Track/Overhead,3653.0,127,30
9,streetcar,Unclassified,1535.0,205,95
9,subway,Cleaning/Sanitation,628.0,192,40
9,subway,Collision,1771.0,22,1
9,subway,Emergency/Medical,5295.0,2557,1943
9,subway,Mechanical,3517.0,745,164
9,subway,Operations/Crew,4267.0,2534,1625
9,subway,Security,4647.0,1723,1078
9,subway,Track/Overhead,6513.0,3197,2398
9,subway,Unclassified,2483.0,1455,953
10,bus,Cleaning/Sanitation,31094.0,2325,43
10,bus,Collision,17048.0,1193,193
10,bus,Emergency/Medical,14644.0,1133,119
10,bus,Mechanical,163886.0,13060,99
10,bus,Operations/Crew,227352.0,11712,509
10,bus,Security,36317.0,3014,147
10,bus,Track/Overhead,4919.0,302,25
10,bus,Unclassified,21549.0,1580,94
10,streetcar,Cleaning/Sanitation,2990.0,315,1
10,streetcar,Collision,2517.0,156,12
10,streetcar,Emergency/Medical,5320.0,374,41
10,streetcar,Mechanical,16937.0,2194,51
10,streetcar,Operations/Crew,41329.0,2769,114
10,streetcar,Security,11098.0,853,64
10,streetcar,Track/Overhead,2818.0,154,34
10,streetcar,Unclassified,2001.0,170,67
10,subway,Cleaning/Sanitation,476.0,134,25
10,subway,Collision,1694.0,24,2
10,subway,Emergency/Medical,4043.0,2067,1663
10,subway,Mechanical,2795.0,604,112
10,subway,Operations/Crew,4218.0,2201,1336
10,subway,Security,5587.0,1819,1097
10,subway,Track/Overhead,4821.0,2632,1879
10,subway,Unclassified,2229.0,1246,802
11,bus,Cleaning/Sanitation,22396.0,1649,25
11,bus,Collision,19808.0,1255,175
11,bus,Emergency/Medical,14374.0,1162,119
11,bus,Mechanical,161269.0,12845,106
11,bus,Operations/Crew,216967.0,10615,506
11,bus,Security,41158.0,3286,137
11,bus,Track/Overhead,3951.0,245,16
11,bus,Unclassified,20258.0,1494,99
11,streetcar,Cleaning/Sanitation,2644.0,296,1
11,streetcar,Collision,3544.0,184,18
11,streetcar,Emergency/Medical,5517.0,355,38
11,streetcar,Mechanical,18018.0,2257,42
11,streetcar,Operations/Crew,41306.0,2684,133
11,streetcar,Security,11873.0,900,52
11,streetcar,Track/Overhead,2861.0,131,27
11,streetcar,Unclassified,1261.0,133,54
11,subway,Cleaning/Sanitation,592.0,168,28
11,subway,Collision,2322.0,24,1
11,subway,Emergency/Medical,4521.0,2276,1832
11,subway,Mechanical,2529.0,599,112
11,subway,Operations/Crew,4540.0,2161,1295
11,subway,Security,6306.0,1940,1138
11,subway,Track/Overhead,5561.0,2446,1726
11,subway,Unclassified,2341.0,2119,1671
12,bus,Cleaning/Sanitation,18045.0,1293,26
12,bus,Collision,21379.0,1283,132
12,bus,Emergency/Medical,15535.0,1257,137
12,bus,Mechanical,150306.0,12283,84
12,bus,Operations/Crew,258422.0,13881,497
12,bus,Security,43391.0,3461,123
12,bus,Track/Overhead,3868.0,262,22
12,bus,Unclassified,17777.0,1380,108
12,streetcar,Cleaning/Sanitation,3164.0,396,9
12,streetcar,Collision,4497.0,222,11
12,streetcar,Emergency/Medical,6796.0,399,28
12,streetcar,Mechanical,17360.0,2176,21
12,streetcar,Operations/Crew,50558.0,3283,141
12,streetcar,Security,12347.0,891,60
12,streetcar,Track/Overhead,3172.0,140,31
12,streetcar,Unclassified,890.0,149,65
12,subway,Cleaning/Sanitation,597.0,145,17
12,subway,Collision,2634.0,31,0
12,subway,Emergency/Medical,4747.0,2572,2109
12,subway,Mechanical,2456.0,550,105
12,subway,Operations/Crew,3674.0,1970,1234
12,subway,Security,7701.0,2124,1257
12,subway,Track/Overhead,4663.0,2109,1543
12,subway,Unclassified,2538.0,1940,1451
13,bus,Cleaning/Sanitation,19144.0,1397,20
13,bus,Collision,22181.0,1391,122
13,bus,Emergency/Medical,15994.0,1327,155
13,bus,Mechanical,160819.0,12930,88
13,bus,Operations/Crew,317537.0,17202,666
13,bus,Security,44245.0,3630,167
13,bus,Track/Overhead,4921.0,302,22
13,bus,Unclassified,21703.0,1630,118
13,streetcar,Cleaning/Sanitation,3698.0,480,8
13,streetcar,Collision,4075.0,211,20
13,streetcar,Emergency/Medical,7988.0,450,39
13,streetcar,Mechanical,18078.0,2253,21
13,streetcar,Operations/Crew,57527.0,4027,184
13,streetcar,Security,13661.0,894,45
13,streetcar,Track/Overhead,3156.0,146,33
13,streetcar,Unclassified,1670.0,218,112
13,subway,Cleaning/Sanitation,725.0,181,23
13,subway,Collision,1747.0,24,0
13,subway,Emergency/Medical,5687.0,2731,2214
13,subway,Mechanical,2884.0,577,98
13,subway,Operations/Crew,4438.0,2462,1482
13,subway,Security,8439.0,2264,1263
13,subway,Track/Overhead,4720.0,2070,1514
13,subway,Unclassified,2647.0,1451,949
14,bus,Cleaning/Sanitation,21311.0,1638,21
14,bus,Collision,25879.0,1627,147
14,bus,Emergency/Medical,17989.0,1509,183
14,bus,Mechanical,212098.0,18232,398
14,bus,Operations/Crew,457730.0,28452,1126
14,bus,Security,50540.0,4230,183
14,bus,Track/Overhead,5493.0,336,21
14,bus,Unclassified,26665.0,2150,201
14,streetcar,Cleaning/Sanitation,4196.0,551,10
14,streetcar,Collision,5118.0,249,14
14,streetcar,Emergency/Medical,7203.0,487,46
14,streetcar,Mechanical,21046.0,2748,49
14,streetcar,Operations/Crew,60277.0,4195,225
14,streetcar,Security,15486.0,1074,68
14,streetcar,Track/Overhead,5964.0,191,46
14,streetcar,Unclassified,1306.0,228,123
14,subway,Cleaning/Sanitation,677.0,195,35
14,subway,Collision,1604.0,21,1
14,subway,Emergency/Medical,5497.0,2993,2383
14,subway,Mechanical,2799.0,638,119
14,subway,Operations/Crew,5268.0,2475,1293
14,subway,Security,8344.0,2369,1335
14,subway,Track/Overhead,4702.0,2159,1535
14,subway,Unclassified,3479.0,1646,1011
15,bus,Cleaning/Sanitation,15809.0,1238,10
15,bus,Collision,34610.0,2089,143
15,bus,Emergency/Medical,21344.0,1763,188
15,bus,Mechanical,254832.0,22923,335
15,bus,Operations/Crew,593750.0,37049,1402
15,bus,Security,62503.0,5481,230
15,bus,Track/Overhead,4494.0,298,16
15,bus,Unclassified,28351.0,2350,217
15,streetcar,Cleaning/Sanitation,3875.0,481,4
15,streetcar,Collision,6031.0,268,17
15,streetcar,Emergency/Medical,7358.0,482,54
15,streetcar,Mechanical,25599.0,3262,52
15,streetcar,Operations/Crew,61668.0,4340,312
15,streetcar,Security,17495.0,1232,80
15,streetcar,Track/Overhead,2517.0,131,34
15,streetcar,Unclassified,2514.0,286,137
15,subway,Cleaning/Sanitation,704.0,197,31
15,subway,Collision,1784.0,20,0
15,subway,Emergency/Medical,5953.0,3176,2506
15,subway,Mechanical,3928.0,880,148
15,subway,Operations/Crew,5722.0,2562,1278
15,subway,Security,10142.0,2871,1631
15,subway,Track/Overhead,4408.0,2572,1839
15,subway,Unclassified,3709.0,1796,1060
16,bus,Cleaning/Sanitation,13835.0,1075,12
16,bus,Collision,32381.0,1917,109
16,bus,Emergency/Medical,18451.0,1663,171
16,bus,Mechanical,205386.0,17867,109
16,bus,Operations/Crew,493947.0,27570,1757
16,bus,Security,60916.0,5218,189
16,bus,Track/Overhead,3791.0,246,15
16,bus,Unclassified,23194.0,1965,224
16,streetcar,Cleaning/Sanitation,3185.0,397,6
16,streetcar,Collision,6446.0,269,21
16,streetcar,Emergency/Medical,7529.0,517,55
16,streetcar,Mechanical,22879.0,2790,35
16,streetcar,Operations/Crew,63429.0,4161,251
16,streetcar,Security,17353.0,1285,79
16,streetcar,Track/Overhead,3798.0,139,27
16,streetcar,Unclassified,1288.0,227,119
16,subway,Cleaning/Sanitation,751.0,221,33
16,subway,Collision,2082.0,27,1
16,subway,Emergency/Medical,6960.0,3731,2897
16,subway,Mechanical,4313.0,938,164
16,subway,Operations/Crew,5439.0,2704,1539
16,subway,Security,11010.0,2877,1591
16,subway,Track/Overhead,4446.0,2742,1987
16,subway,Unclassified,4139.0,1912,1125
17,bus,Cleaning/Sanitation,12658.0,985,5
17,bus,Collision,33575.0,1902,98
17,bus,Emergency/Medical,19092.0,1662,159
17,bus,Mechanical,173171.0,15056,90
17,bus,Operations/Crew,375945.0,20792,1046
17,bus,Security,59498.0,5139,195
17,bus,Track/Overhead,5526.0,334,14
17,bus,Unclassified,24501.0,1947,201
17,streetcar,Cleaning/Sanitation,3019.0,377,11
17,streetcar,Collision,4737.0,261,21
17,streetcar,Emergency/Medical,6929.0,479,50
17,streetcar,Mechanical,20572.0,2448,33
17,streetcar,Operations/Crew,56280.0,3560,188
17,streetcar,Security,17347.0,1184,83
17,streetcar,Track/Overhead,3496.0,129,24
17,streetcar,Unclassified,1634.0,182,88
17,subway,Cleaning/Sanitation,750.0,230,44
17,subway,Collision,2059.0,23,1
17,subway,Emergency/Medical,7449.0,3751,2856
17,subway,Mechanical,4439.0,942,153
17,subway,Operations/Crew,6187.0,3435,2149
17,subway,Security,11240.0,2960,1611
17,subway,Track/Overhead,4892.0,2627,1864
17,subway,Unclassified,4333.0,2323,1453
18,bus,Cleaning/Sanitation,13639.0,1036,11
18,bus,Collision,30023.0,1659,104
18,bus,Emergency/Medical,17507.0,1528,166
18,bus,Mechanical,163738.0,13877,102
18,bus,Operations/Crew,309534.0,15681,675
18,bus,Security,53589.0,4507,198
18,bus,Track/Overhead,5459.0,335,22
18,bus,Unclassified,24174.0,1879,177
18,streetcar,Cleaning/Sanitation,2958.0,371,9
18,streetcar,Collision,4777.0,218,14
18,streetcar,Emergency/Medical,7049.0,477,47
18,streetcar,Mechanical,16466.0,1957,35
18,streetcar,Operations/Crew,50840.0,3396,170
18,streetcar,Security,14494.0,1094,76
18,streetcar,Track/Overhead,3614.0,124,22
18,streetcar,Unclassified,1464.0,200,100
18,subway,Cleaning/Sanitation,714.0,209,35
18,subway,Collision,1515.0,23,2
18,subway,Emergency/Medical,6174.0,3301,2630
18,subway,Mechanical,3452.0,728,123
18,subway,Operations/Crew,5221.0,2981,1901
18,subway,Security,11130.0,2895,1610
18,subway,Track/Overhead,3676.0,2279,1664
18,subway,Unclassified,3381.0,1905,1229
19,bus,Cleaning/Sanitation,12880.0,972,10
19,bus,Collision,23515.0,1247,183
19,bus,Emergency/Medical,16013.0,1420,235
19,bus,Mechanical,115675.0,9118,105
19,bus,Operations/Crew,216579.0,10156,510
19,bus,Security,44534.0,3613,211
19,bus,Track/Overhead,4071.0,247,24
19,bus,Unclassified,17835.0,1344,107
19,streetcar,Cleaning/Sanitation,3133.0,335,4
19,streetcar,Collision,4809.0,186,16
19,streetcar,Emergency/Medical,7547.0,499,66
19,streetcar,Mechanical,13882.0,1565,28
19,streetcar,Operations/Crew,45459.0,2741,147
19,streetcar,Security,14681.0,1036,99
19,streetcar,Track/Overhead,4699.0,147,32
19,streetcar,Unclassified,1068.0,153,73
19,subway,Cleaning/Sanitation,708.0,184,33
19,subway,Collision,1125.0,18,0
19,subway,Emergency/Medical,5058.0,2960,2368
19,subway,Mechanical,2528.0,524,105
19,subway,Operations/Crew,4290.0,2027,1264
19,subway,Security,11357.0,2805,1547
19,subway,Track/Overhead,4447.0,1974,1437
19,subway,Unclassified,3018.0,2268,1704
20,bus,Cleaning/Sanitation,11970.0,855,9
20,bus,Collision,19292.0,883,131
20,bus,Emergency/Medical,16464.0,1331,160
20,bus,Mechanical,101063.0,7512,83
20,bus,Operations/Crew,215009.0,8885,473
20,bus,Security,39601.0,3007,177
20,bus,Track/Overhead,3237.0,187,14
20,bus,Unclassified,16371.0,1229,123
20,streetcar,Cleaning/Sanitation,3298.0,371,2
20,streetcar,Collision,3089.0,132,14
20,streetcar,Emergency/Medical,6285.0,467,72
20,streetcar,Mechanical,13496.0,1446,19
20,streetcar,Operations/Crew,45449.0,2502,148
20,streetcar,Security,13293.0,965,88
20,streetcar,Track/Overhead,3482.0,142,37
20,streetcar,Unclassified,1407.0,183,89
20,subway,Cleaning/Sanitation,643.0,192,46
20,subway,Collision,1614.0,23,1
20,subway,Emergency/Medical,5316.0,2923,2364
20,subway,Mechanical,2082.0,444,82
20,subway,Operations/Crew,4627.0,1783,1099
20,subway,Security,11041.0,2948,1685
20,subway,Track/Overhead,3185.0,1687,1220
20,subway,Unclassified,2746.0,1426,887
21,bus,Cleaning/Sanitation,10929.0,758,15
21,bus,Collision,20352.0,780,106
21,bus,Emergency/Medical,18095.0,1353,144
21,bus,Mechanical,96931.0,6916,67
21,bus,Operations/Crew,243889.0,8463,395
21,bus,Security,37868.0,2759,204
21,bus,Track/Overhead,3055.0,156,20
21,bus,Unclassified,15204.0,1064,88
21,streetcar,Cleaning/Sanitation,3654.0,396,7
21,streetcar,Collision,3782.0,131,15
21,streetcar,Emergency/Medical,7634.0,535,45
21,streetcar,Mechanical,13363.0,1416,26
21,streetcar,Operations/Crew,47682.0,2662,184
21,streetcar,Security,13976.0,937,90
21,streetcar,Track/Overhead,4008.0,138,27
21,streetcar,Unclassified,1080.0,180,102
21,subway,Cleaning/Sanitation,623.0,170,44
21,subway,Collision,1358.0,20,0
21,subway,Emergency/Medical,5399.0,2892,2293
21,subway,Mechanical,2206.0,395,73
21,subway,Operations/Crew,3622.0,1475,871
21,subway,Security,10716.0,2767,1558
21,subway,Track/Overhead,3084.0,1485,1083
21,subway,Unclassified,3058.0,1323,802
22,bus,Cleaning/Sanitation,8408.0,543,8
22,bus,Collision,16700.0,670,115
22,bus,Emergency/Medical,17358.0,1256,156
22,bus,Mechanical,78097.0,5206,67
22,bus,Operations/Crew,200357.0,6380,300
22,bus,Security,35477.0,2447,223
22,bus,Track/Overhead,2197.0,130,18
22,bus,Unclassified,11065.0,818,126
22,streetcar,Cleaning/Sanitation,2798.0,301,2
22,streetcar,Collision,2716.0,114,14
22,streetcar,Emergency/Medical,8370.0,599,89
22,streetcar,Mechanical,11245.0,1073,15
22,streetcar,Operations/Crew,44659.0,2213,141
22,streetcar,Security,14251.0,957,111
22,streetcar,Track/Overhead,4218.0,162,37
22,streetcar,Unclassified,1056.0,147,74
22,subway,Cleaning/Sanitation,726.0,190,46
22,subway,Collision,1262.0,23,2
22,subway,Emergency/Medical,5675.0,2929,2312
22,subway,Mechanical,2224.0,420,79
22,subway,Operations/Crew,3439.0,1402,779
22,subway,Security,10120.0,2903,1707
22,subway,Track/Overhead,3144.0,1359,932
22,subway,Unclassified,2517.0,6628,6155
23,bus,Cleaning/Sanitation,6530.0,445,11
23,bus,Collision,14948.0,495,79
23,bus,Emergency/Medical,17164.0,1218,138
23,bus,Mechanical,69381.0,4602,69
23,bus,Operations/Crew,171292.0,5023,271
23,bus,Security,30374.0,2045,169
23,bus,Track/Overhead,1886.0,110,12
23,bus,Unclassified,10752.0,745,85
23,streetcar,Cleaning/Sanitation,3759.0,376,1
23,streetcar,Collision,3562.0,103,9
23,streetcar,Emergency/Medical,7273.0,534,69
23,streetcar,Mechanical,10903.0,1058,15
23,streetcar,Operations/Crew,38840.0,1856,119
23,streetcar,Security,12069.0,843,100
23,streetcar,Track/Overhead,3624.0,149,29
23,streetcar,Unclassified,2530.0,175,71
23,subway,Cleaning/Sanitation,934.0,219,37
23,subway,Collision,1497.0,18,0
23,subway,Emergency/Medical,5187.0,2828,2264
23,subway,Mechanical,1972.0,365,68
23,subway,Operations/Crew,3935.0,1658,1034
23,subway,Security,10592.0,2645,1521
23,subway,Track/Overhead,2795.0,1275,902
23,subway,Unclassified,2406.0,3360,2944
