weekday,mode,category,delay_minutes,incidents,zero_minute_incidents
Friday,bus,Cleaning/Sanitation,41729.0,3024,41
Friday,bus,Collision,70110.0,4058,422
Friday,bus,Emergency/Medical,55930.0,4766,688
Friday,bus,Mechanical,494869.0,42079,506
Friday,bus,Operations/Crew,1077378.0,59591,2312
Friday,bus,Security,138649.0,11499,792
Friday,bus,Track/Overhead,12836.0,817,61
Friday,bus,Unclassified,64636.0,5149,503
Friday,streetcar,Cleaning/Sanitation,11612.0,1229,18
Friday,streetcar,Collision,12470.0,571,46
Friday,streetcar,Emergency/Medical,22866.0,1614,254
Friday,streetcar,Mechanical,61007.0,7406,146
Friday,streetcar,Operations/Crew,169712.0,11275,578
Friday,streetcar,Security,44281.0,3246,387
Friday,streetcar,Track/Overhead,11677.0,442,84
Friday,streetcar,Unclassified,5455.0,688,356
Friday,subway,Cleaning/Sanitation,2388.0,647,104
Friday,subway,Collision,4416.0,62,1
Friday,subway,Emergency/Medical,16099.0,8901,7051
Friday,subway,Mechanical,10819.0,2190,399
Friday,subway,Operations/Crew,15765.0,7712,4483
Friday,subway,Security,27404.0,7508,4293
Friday,subway,Track/Overhead,15667.0,8060,5857
Friday,subway,Unclassified,9530.0,6202,4412
Monday,bus,Cleaning/Sanitation,42470.0,3097,37
Monday,bus,Collision,59053.0,3599,430
Monday,bus,Emergency/Medical,49513.0,4171,606
Monday,bus,Mechanical,484659.0,41192,442
Monday,bus,Operations/Crew,879746.0,48704,1561
Monday,bus,Security,119469.0,10034,828
Monday,bus,Track/Overhead,14125.0,838,71
Monday,bus,Unclassified,60581.0,4735,388
Monday,streetcar,Cleaning/Sanitation,9868.0,1043,3
Monday,streetcar,Collision,12387.0,523,32
Monday,streetcar,Emergency/Medical,21410.0,1498,275
Monday,streetcar,Mechanical,58284.0,7103,126
Monday,streetcar,Operations/Crew,145732.0,9598,469
Monday,streetcar,Security,43580.0,3135,394
Monday,streetcar,Track/Overhead,12667.0,512,99
Monday,streetcar,Unclassified,4954.0,601,291
Monday,subway,Cleaning/Sanitation,2074.0,610,139
Monday,subway,Collision,3590.0,50,2
Monday,subway,Emergency/Medical,16762.0,8528,6709
Monday,subway,Mechanical,9883.0,2176,410
Monday,subway,Operations/Crew,17099.0,7835,4563
Monday,subway,Security,22475.0,6896,4189
Monday,subway,Track/Overhead,18246.0,8598,6054
Monday,subway,Unclassified,8432.0,5817,4221
Saturday,bus,Cleaning/Sanitation,28886.0,2040,29
Saturday,bus,Collision,59208.0,2961,358
Saturday,bus,Emergency/Medical,52756.0,4220,691
Saturday,bus,Mechanical,382513.0,28898,285
Saturday,bus,Operations/Crew,796502.0,37862,1806
Saturday,bus,Security,117569.0,9194,854
Saturday,bus,Track/Overhead,10385.0,559,49
Saturday,bus,Unclassified,56320.0,4182,441
Saturday,streetcar,Cleaning/Sanitation,12970.0,1400,27
Saturday,streetcar,Collision,12139.0,562,59
Saturday,streetcar,Emergency/Medical,21786.0,1614,291
Saturday,streetcar,Mechanical,50811.0,5818,98
Saturday,streetcar,Operations/Crew,155521.0,9700,599
Saturday,streetcar,Security,42522.0,3034,400
Saturday,streetcar,Track/Overhead,11563.0,428,65
Saturday,streetcar,Unclassified,4735.0,756,403
Saturday,subway,Cleaning/Sanitation,2258.0,571,115
Saturday,subway,Collision,4024.0,56,2
Saturday,subway,Emergency/Medical,12295.0,7196,5915
Saturday,subway,Mechanical,6552.0,1382,244
Saturday,subway,Operations/Crew,13633.0,6381,3890
Saturday,subway,Security,24988.0,6908,4082
Saturday,subway,Track/Overhead,11677.0,5162,3726
Saturday,subway,Unclassified,8289.0,5297,3881
Sunday,bus,Cleaning/Sanitation,28152.0,1816,27
Sunday,bus,Collision,45281.0,2179,290
Sunday,bus,Emergency/Medical,47143.0,3612,644
Sunday,bus,Mechanical,343283.0,24434,298
Sunday,bus,Operations/Crew,682635.0,28940,1438
Sunday,bus,Security,106613.0,7800,851
Sunday,bus,Track/Overhead,10554.0,524,30
Sunday,bus,Unclassified,50302.0,3668,424
Sunday,streetcar,Cleaning/Sanitation,11968.0,1262,27
Sunday,streetcar,Collision,10034.0,393,37
Sunday,streetcar,Emergency/Medical,22925.0,1535,239
Sunday,streetcar,Mechanical,47024.0,4959,85
Sunday,streetcar,Operations/Crew,146445.0,8143,510
Sunday,streetcar,Security,37574.0,2755,406
Sunday,streetcar,Track/Overhead,11260.0,405,83
Sunday,streetcar,Unclassified,4923.0,729,381
Sunday,subway,Cleaning/Sanitation,2079.0,607,195
Sunday,subway,Collision,4844.0,57,0
Sunday,subway,Emergency/Medical,10233.0,5992,4943
Sunday,subway,Mechanical,7728.0,1364,241
Sunday,subway,Operations/Crew,11475.0,5391,3380
Sunday,subway,Security,19477.0,5608,3484
Sunday,subway,Track/Overhead,13494.0,5083,3534
Sunday,subway,Unclassified,6960.0,4692,3446
Thursday,bus,Cleaning/Sanitation,45087.0,3407,66
Thursday,bus,Collision,67069.0,3979,410
Thursday,bus,Emergency/Medical,55395.0,4694,668
Thursday,bus,Mechanical,489414.0,42293,470
Thursday,bus,Operations/Crew,1069308.0,59928,2503
Thursday,bus,Security,139501.0,11675,827
Thursday,bus,Track/Overhead,16435.0,1002,58
Thursday,bus,Unclassified,65877.0,5110,538
Thursday,streetcar,Cleaning/Sanitation,9911.0,1045,10
Thursday,streetcar,Collision,11081.0,551,57
Thursday,streetcar,Emergency/Medical,22934.0,1584,277
Thursday,streetcar,Mechanical,62720.0,7535,157
Thursday,streetcar,Operations/Crew,163055.0,10888,578
Thursday,streetcar,Security,43005.0,3143,366
Thursday,streetcar,Track/Overhead,11432.0,401,77
Thursday,streetcar,Unclassified,5871.0,688,349
Thursday,subway,Cleaning/Sanitation,2287.0,607,102
Thursday,subway,Collision,5550.0,65,2
Thursday,subway,Emergency/Medical,16373.0,9103,7191
Thursday,subway,Mechanical,11010.0,2263,384
Thursday,subway,Operations/Crew,15204.0,7520,4414
Thursday,subway,Security,25108.0,7252,4299
Thursday,subway,Track/Overhead,16556.0,8479,6208
Thursday,subway,Unclassified,9572.0,6394,4584
Tuesday,bus,Cleaning/Sanitation,45441.0,3426,57
Tuesday,bus,Collision,70842.0,3926,401
Tuesday,bus,Emergency/Medical,52348.0,4496,635
Tuesday,bus,Mechanical,493157.0,42766,483
Tuesday,bus,Operations/Crew,1015563.0,57616,2163
Tuesday,bus,Security,129647.0,11027,755
Tuesday,bus,Track/Overhead,14601.0,951,69
Tuesday,bus,Unclassified,60969.0,4920,500
Tuesday,streetcar,Cleaning/Sanitation,9399.0,985,15
Tuesday,streetcar,Collision,11252.0,543,51
Tuesday,streetcar,Emergency/Medical,21006.0,1501,232
Tuesday,streetcar,Mechanical,61667.0,7545,131
Tuesday,streetcar,Operations/Crew,148357.0,10145,480
Tuesday,streetcar,Security,41468.0,3180,451
Tuesday,streetcar,Track/Overhead,10008.0,418,98
Tuesday,streetcar,Unclassified,4787.0,648,328
Tuesday,subway,Cleaning/Sanitation,1858.0,543,115
Tuesday,subway,Collision,4246.0,62,5
Tuesday,subway,Emergency/Medical,16938.0,8851,6940
Tuesday,subway,Mechanical,11051.0,2274,405
Tuesday,subway,Operations/Crew,16914.0,7479,4224
Tuesday,subway,Security,22214.0,7095,4293
Tuesday,subway,Track/Overhead,18376.0,8672,6217
Tuesday,subway,Unclassified,8821.0,6137,4430
Wednesday,bus,Cleaning/Sanitation,49960.0,3751,45
Wednesday,bus,Collision,67955.0,3967,396
Wednesday,bus,Emergency/Medical,52274.0,4392,613
Wednesday,bus,Mechanical,492902.0,42779,581
Wednesday,bus,Operations/Crew,1043291.0,58336,2353
Wednesday,bus,Security,134506.0,11308,797
Wednesday,bus,Track/Overhead,13959.0,931,90
Wednesday,bus,Unclassified,64831.0,5114,466
Wednesday,streetcar,Cleaning/Sanitation,10055.0,1032,3
Wednesday,streetcar,Collision,11037.0,498,49
Wednesday,streetcar,Emergency/Medical,22901.0,1594,275
Wednesday,streetcar,Mechanical,58740.0,7181,120
Wednesday,streetcar,Operations/Crew,161955.0,10877,541
Wednesday,streetcar,Security,44552.0,3127,377
Wednesday,streetcar,Track/Overhead,9829.0,450,133
Wednesday,streetcar,Unclassified,5455.0,670,334
Wednesday,subway,Cleaning/Sanitation,1949.0,568,96
Wednesday,subway,Collision,3544.0,50,3
Wednesday,subway,Emergency/Medical,17064.0,9166,7298
Wednesday,subway,Mechanical,10868.0,2251,385
Wednesday,subway,Operations/Crew,15491.0,7580,4280
Wednesday,subway,Security,24311.0,7212,4293
Wednesday,subway,Track/Overhead,16415.0,8411,6046
Wednesday,subway,Unclassified,8457.0,6222,4537
