year,mode,category,delay_minutes,incidents,zero_minute_incidents
2014,bus,Emergency/Medical,17883.0,1429,19
2014,bus,Mechanical,465659.0,43045,258
2014,bus,Operations/Crew,630777.0,42409,647
2014,bus,Security,82764.0,7016,54
2014,streetcar,Emergency/Medical,6442.0,267,5
2014,streetcar,Mechanical,40019.0,5106,46
2014,streetcar,Operations/Crew,65503.0,4104,56
2014,streetcar,Security,28148.0,1529,31
2014,subway,Cleaning/Sanitation,690.0,176,28
2014,subway,Collision,1932.0,32,1
2014,subway,Emergency/Medical,8733.0,3148,2132
2014,subway,Mechanical,6335.0,1449,262
2014,subway,Operations/Crew,6150.0,5228,4017
2014,subway,Security,5476.0,1499,677
2014,subway,Track/Overhead,6717.0,4724,3613
2014,subway,Unclassified,3592.0,4165,3414
2015,bus,Emergency/Medical,16950.0,1336,10
2015,bus,Mechanical,343167.0,30581,167
2015,bus,Operations/Crew,569030.0,37930,592
2015,bus,Security,73075.0,6231,41
2015,streetcar,Emergency/Medical,7073.0,302,3
2015,streetcar,Mechanical,54594.0,6430,80
2015,streetcar,Operations/Crew,62001.0,3855,161
2015,streetcar,Security,33145.0,1606,43
2015,subway,Cleaning/Sanitation,361.0,100,17
2015,subway,Collision,1123.0,17,0
2015,subway,Emergency/Medical,7646.0,3291,2402
2015,subway,Mechanical,5277.0,1549,513
2015,subway,Operations/Crew,4067.0,4924,4079
2015,subway,Security,5797.0,1546,754
2015,subway,Track/Overhead,5166.0,6085,5284
2015,subway,Unclassified,3325.0,3957,3366
2016,bus,Emergency/Medical,19351.0,1550,9
2016,bus,Mechanical,331460.0,28819,97
2016,bus,Operations/Crew,634789.0,39279,405
2016,bus,Security,83001.0,6974,43
2016,streetcar,Emergency/Medical,7011.0,355,8
2016,streetcar,Mechanical,59438.0,7214,124
2016,streetcar,Operations/Crew,70540.0,4835,95
2016,streetcar,Security,26827.0,1580,43
2016,subway,Cleaning/Sanitation,580.0,163,15
2016,subway,Collision,1601.0,25,0
2016,subway,Emergency/Medical,9192.0,3713,2641
2016,subway,Mechanical,5765.0,1342,298
2016,subway,Operations/Crew,4625.0,4430,3409
2016,subway,Security,6615.0,1758,839
2016,subway,Track/Overhead,5565.0,6208,5401
2016,subway,Unclassified,3432.0,3521,2861
2017,bus,Emergency/Medical,19673.0,1516,16
2017,bus,Mechanical,273047.0,23313,98
2017,bus,Operations/Crew,610066.0,37904,520
2017,bus,Security,86545.0,7025,42
2017,streetcar,Emergency/Medical,7392.0,447,3
2017,streetcar,Mechanical,54297.0,6993,141
2017,streetcar,Operations/Crew,65411.0,4322,56
2017,streetcar,Security,29022.0,1961,24
2017,streetcar,Track/Overhead,929.0,14,0
2017,subway,Cleaning/Sanitation,496.0,136,15
2017,subway,Collision,2426.0,32,1
2017,subway,Emergency/Medical,7033.0,3646,2732
2017,subway,Mechanical,5879.0,1312,268
2017,subway,Operations/Crew,4974.0,3645,2667
2017,subway,Security,7142.0,1866,921
2017,subway,Track/Overhead,4950.0,5068,4328
2017,subway,Unclassified,3325.0,3179,2500
2018,bus,Emergency/Medical,21036.0,1572,9
2018,bus,Mechanical,267056.0,22401,134
2018,bus,Operations/Crew,684814.0,41121,386
2018,bus,Security,89837.0,7516,43
2018,streetcar,Emergency/Medical,8662.0,608,6
2018,streetcar,Mechanical,55389.0,7128,84
2018,streetcar,Operations/Crew,67691.0,5514,30
2018,streetcar,Security,29178.0,2243,36
2018,streetcar,Track/Overhead,2095.0,86,5
2018,subway,Cleaning/Sanitation,561.0,141,9
2018,subway,Collision,2659.0,42,4
2018,subway,Emergency/Medical,8077.0,4310,3287
2018,subway,Mechanical,6307.0,1408,275
2018,subway,Operations/Crew,10331.0,4544,2608
2018,subway,Security,9185.0,2112,960
2018,subway,Track/Overhead,6314.0,4639,3737
2018,subway,Unclassified,3930.0,3539,2689
2019,bus,Emergency/Medical,19615.0,1557,8
2019,bus,Mechanical,247231.0,21786,585
2019,bus,Operations/Crew,581021.0,28854,266
2019,bus,Security,98327.0,8124,62
2019,bus,Unclassified,16194.0,1459,10
2019,streetcar,Emergency/Medical,10702.0,691,1
2019,streetcar,Mechanical,39857.0,4983,159
2019,streetcar,Operations/Crew,64791.0,4054,48
2019,streetcar,Security,30449.0,2012,20
2019,streetcar,Track/Overhead,3113.0,99,2
2019,subway,Cleaning/Sanitation,496.0,142,21
2019,subway,Collision,1891.0,24,1
2019,subway,Emergency/Medical,9193.0,4441,3426
2019,subway,Mechanical,5297.0,1196,188
2019,subway,Operations/Crew,10117.0,4255,2341
2019,subway,Security,8604.0,2298,1164
2019,subway,Track/Overhead,6628.0,4019,3160
2019,subway,Unclassified,3560.0,2846,2126
2020,bus,Cleaning/Sanitation,25459.0,2077,101
2020,bus,Collision,51470.0,1571,182
2020,bus,Emergency/Medical,20055.0,1736,202
2020,bus,Mechanical,167401.0,13759,374
2020,bus,Operations/Crew,228129.0,11251,262
2020,bus,Security,64160.0,4775,292
2020,bus,Unclassified,7541.0,612,3
2020,streetcar,Cleaning/Sanitation,4290.0,566,1
2020,streetcar,Collision,2835.0,150,15
2020,streetcar,Emergency/Medical,9894.0,732,115
2020,streetcar,Mechanical,18334.0,2106,31
2020,streetcar,Operations/Crew,44805.0,2852,101
2020,streetcar,Security,16873.0,1284,69
2020,streetcar,Track/Overhead,2816.0,95,9
2020,streetcar,Unclassified,10.0,1,0
2020,subway,Cleaning/Sanitation,620.0,178,26
2020,subway,Collision,3856.0,42,1
2020,subway,Emergency/Medical,5208.0,3023,2445
2020,subway,Mechanical,4510.0,756,56
2020,subway,Operations/Crew,12398.0,4022,1131
2020,subway,Security,9643.0,2741,1404
2020,subway,Track/Overhead,6590.0,2123,1446
2020,subway,Unclassified,2851.0,1895,1391
2021,bus,Cleaning/Sanitation,120896.0,9552,106
2021,bus,Collision,78776.0,3002,264
2021,bus,Emergency/Medical,19196.0,1714,396
2021,bus,Mechanical,134192.0,10253,194
2021,bus,Operations/Crew,278082.0,13053,583
2021,bus,Security,55683.0,3579,487
2021,bus,Track/Overhead,1004.0,24,4
2021,bus,Unclassified,8779.0,667,8
2021,streetcar,Cleaning/Sanitation,10991.0,1518,44
2021,streetcar,Collision,8217.0,459,35
2021,streetcar,Emergency/Medical,11501.0,993,191
2021,streetcar,Mechanical,14294.0,1549,32
2021,streetcar,Operations/Crew,99862.0,8462,239
2021,streetcar,Security,16922.0,1393,181
2021,streetcar,Track/Overhead,4839.0,149,26
2021,streetcar,Unclassified,8.0,1,0
2021,subway,Cleaning/Sanitation,1221.0,302,19
2021,subway,Collision,3089.0,35,2
2021,subway,Emergency/Medical,5718.0,3576,3011
2021,subway,Mechanical,4179.0,808,79
2021,subway,Operations/Crew,11642.0,3248,894
2021,subway,Security,15615.0,3706,1894
2021,subway,Track/Overhead,7462.0,2360,1382
2021,subway,Unclassified,3575.0,2332,1710
2022,bus,Cleaning/Sanitation,23274.0,1567,9
2022,bus,Collision,81814.0,4076,339
2022,bus,Emergency/Medical,29426.0,2391,448
2022,bus,Mechanical,215195.0,16456,171
2022,bus,Operations/Crew,570714.0,28714,1162
2022,bus,Security,54439.0,4269,553
2022,bus,Unclassified,9469.0,708,5
2022,streetcar,Cleaning/Sanitation,8442.0,968,8
2022,streetcar,Collision,11199.0,555,35
2022,streetcar,Emergency/Medical,13049.0,1069,199
2022,streetcar,Mechanical,16194.0,1665,11
2022,streetcar,Operations/Crew,157691.0,11684,434
2022,streetcar,Security,18812.0,1511,191
2022,streetcar,Track/Overhead,4689.0,132,10
2022,subway,Cleaning/Sanitation,1533.0,321,11
2022,subway,Collision,3283.0,41,2
2022,subway,Emergency/Medical,7531.0,4535,3820
2022,subway,Mechanical,4778.0,818,77
2022,subway,Operations/Crew,13748.0,3604,1085
2022,subway,Security,21277.0,4427,2332
2022,subway,Track/Overhead,11916.0,3092,1548
2022,subway,Unclassified,6407.0,3050,2044
2023,bus,Cleaning/Sanitation,31452.0,2151,27
2023,bus,Collision,57796.0,4079,419
2023,bus,Emergency/Medical,34543.0,3003,634
2023,bus,Mechanical,254587.0,19202,392
2023,bus,Operations/Crew,486383.0,20404,1501
2023,bus,Security,68507.0,6031,1448
2023,bus,Unclassified,10884.0,784,7
2023,streetcar,Cleaning/Sanitation,10505.0,1074,10
2023,streetcar,Collision,12363.0,663,60
2023,streetcar,Emergency/Medical,14480.0,1245,300
2023,streetcar,Mechanical,16310.0,1654,65
2023,streetcar,Operations/Crew,124480.0,7592,802
2023,streetcar,Security,20185.0,1954,557
2023,streetcar,Track/Overhead,2968.0,161,85
2023,subway,Cleaning/Sanitation,1835.0,470,84
2023,subway,Collision,3272.0,46,2
2023,subway,Emergency/Medical,8234.0,6171,5334
2023,subway,Mechanical,5413.0,826,70
2023,subway,Operations/Crew,7146.0,2241,1008
2023,subway,Security,23802.0,7708,5296
2023,subway,Track/Overhead,9277.0,2511,1215
2023,subway,Unclassified,7688.0,2972,1704
2024,bus,Cleaning/Sanitation,34726.0,2357,25
2024,bus,Collision,57195.0,4454,529
2024,bus,Emergency/Medical,38559.0,3330,699
2024,bus,Mechanical,270191.0,19836,355
2024,bus,Operations/Crew,508348.0,20938,3511
2024,bus,Security,71948.0,6081,1421
2024,bus,Unclassified,27229.0,1932,23
2024,streetcar,Cleaning/Sanitation,14424.0,1360,10
2024,streetcar,Collision,13563.0,667,62
2024,streetcar,Emergency/Medical,18644.0,1341,287
2024,streetcar,Mechanical,16994.0,1680,53
2024,streetcar,Operations/Crew,120570.0,6788,1221
2024,streetcar,Security,21911.0,2089,673
2024,streetcar,Track/Overhead,2892.0,202,115
2024,subway,Cleaning/Sanitation,2803.0,841,284
2024,subway,Collision,2439.0,32,0
2024,subway,Emergency/Medical,11074.0,6878,5785
2024,subway,Mechanical,4944.0,839,107
2024,subway,Operations/Crew,7117.0,3130,1818
2024,subway,Security,23166.0,7698,5186
2024,subway,Track/Overhead,13440.0,3744,1967
2024,subway,Unclassified,7104.0,3301,1926
2025,bus,Cleaning/Sanitation,27361.0,1744,20
2025,bus,Collision,67795.0,4655,585
2025,bus,Emergency/Medical,65507.0,5406,1093
2025,bus,Mechanical,99141.0,7221,106
2025,bus,Operations/Crew,475237.0,18744,3475
2025,bus,Security,33848.0,2932,738
2025,bus,Track/Overhead,59837.0,3744,282
2025,bus,Unclassified,234908.0,17824,1408
2025,streetcar,Cleaning/Sanitation,16069.0,1403,14
2025,streetcar,Collision,18987.0,702,82
2025,streetcar,Emergency/Medical,22869.0,1640,421
2025,streetcar,Mechanical,8434.0,566,24
2025,streetcar,Operations/Crew,93897.0,4391,379
2025,streetcar,Security,14662.0,1344,502
2025,streetcar,Track/Overhead,36512.0,1434,289
2025,streetcar,Unclassified,20613.0,2852,1437
2025,subway,Cleaning/Sanitation,2114.0,677,205
2025,subway,Collision,1704.0,22,0
2025,subway,Emergency/Medical,10579.0,6101,5001
2025,subway,Mechanical,4883.0,882,160
2025,subway,Operations/Crew,7739.0,4452,3050
2025,subway,Security,17899.0,6288,4171
2025,subway,Track/Overhead,16970.0,4661,2584
2025,subway,Unclassified,6333.0,2650,1471
2026,bus,Cleaning/Sanitation,18557.0,1113,14
2026,bus,Collision,44672.0,2832,389
2026,bus,Emergency/Medical,43565.0,3811,1002
2026,bus,Mechanical,112470.0,7769,134
2026,bus,Operations/Crew,307033.0,10376,826
2026,bus,Security,23820.0,1984,480
2026,bus,Track/Overhead,32054.0,1854,142
2026,bus,Unclassified,108512.0,8892,1796
2026,streetcar,Cleaning/Sanitation,11062.0,1107,16
2026,streetcar,Collision,13236.0,445,42
2026,streetcar,Emergency/Medical,18109.0,1250,304
2026,streetcar,Mechanical,6099.0,473,13
2026,streetcar,Operations/Crew,53535.0,2173,133
2026,streetcar,Security,10848.0,1114,411
2026,streetcar,Track/Overhead,17583.0,684,98
2026,streetcar,Unclassified,15549.0,1926,1005
2026,subway,Cleaning/Sanitation,1583.0,506,132
2026,subway,Collision,939.0,12,1
2026,subway,Emergency/Medical,7546.0,4904,4031
2026,subway,Mechanical,4344.0,715,115
2026,subway,Operations/Crew,5527.0,2175,1127
2026,subway,Security,11756.0,4832,3335
2026,subway,Track/Overhead,9436.0,3231,1977
2026,subway,Unclassified,4939.0,3354,2309
