mode,cause_code,official_description,category,delay_minutes,incidents,zero_minute_incidents,avg_minutes_per_incident
bus,CLEANING,Cleaning,Cleaning/Sanitation,138693.0,11021,199,12.58442972507032
bus,CLEANING - DISINFECTION,Cleaning - Disinfection,Cleaning/Sanitation,1654.0,88,0,18.795454545454547
bus,CLEANING - UNSANITARY,Cleaning - Unsanitary,Cleaning/Sanitation,95460.0,6595,69,14.474601971190296
bus,COLLISION - TTC,Collision - TTC,Collision,175738.0,14572,1593,12.05997804007686
bus,COLLISION - TTC INVOLVED,Collision - TTC Involved,Collision,2038.0,91,7,22.395604395604394
bus,DIVERSION,Diversion,Operations/Crew,2238246.0,35475,1620,63.093615221987314
bus,EFB,BODY,Mechanical,38922.0,2737,48,14.220679576178297
bus,EFCAN,CANCELLATION,Operations/Crew,140.0,8,0,17.5
bus,EFD,DOORS,Mechanical,58051.0,4075,30,14.24564417177914
bus,EFDB,DISC BRAKES,Mechanical,1196.0,87,2,13.74712643678161
bus,EFHVA,HEAT / VENT / AC,Mechanical,28851.0,2157,18,13.375521557719054
bus,EFO,OTHER,Unclassified,251630.0,18116,407,13.889931552219032
bus,EFP,PROPULSION,Mechanical,25868.0,1891,63,13.6795346377578
bus,EFRA,RAMP ISSUES,Mechanical,17198.0,1230,5,13.982113821138212
bus,EMERGENCY SERVICES,Emergency Services,Emergency/Medical,256287.0,21134,2450,12.126762562695182
bus,GENERAL DELAY,General Delay,Operations/Crew,1310902.0,78892,4952,16.61641231050043
bus,HELD BY,Held By,Operations/Crew,15976.0,506,30,31.57312252964427
bus,INVESTIGATION,Investigation,Security,628405.0,50931,1049,12.3383597416112
bus,LATE,Late,Operations/Crew,129.0,17,0,7.588235294117647
bus,LATE ENTERING SERVICE,Late Entering Service,Operations/Crew,1197.0,59,0,20.28813559322034
bus,LATE ENTERING SERVICE - MECHANICAL,Late Entering Service - Mechanical,Mechanical,82.0,3,0,27.333333333333332
bus,LATE LEAVING GARAGE,Late Leaving Garage,Operations/Crew,676326.0,65447,857,10.33394960807982
bus,LATE LEAVING GARAGE - MANAGEMENT,Late Leaving Garage - Management,Operations/Crew,4287.0,484,8,8.857438016528926
bus,LATE LEAVING GARAGE - MECHANICAL,Late Leaving Garage - Mechanical,Mechanical,19398.0,1865,10,10.401072386058981
bus,LATE LEAVING GARAGE - OPERATIONS,Late Leaving Garage - Operations,Operations/Crew,114.0,4,1,28.5
bus,LATE LEAVING GARAGE - OPERATOR,Late Leaving Garage - Operator,Operations/Crew,14745.0,1725,13,8.547826086956523
bus,LATE LEAVING GARAGE - VISION,Late Leaving Garage - Vision,Unclassified,1591.0,168,1,9.470238095238095
bus,MANAGEMENT,Management,Operations/Crew,709.0,61,0,11.62295081967213
bus,MECHANICAL,Mechanical,Mechanical,2949706.0,247583,2815,11.914008635487898
bus,MFDV,ON DIVERSION,Operations/Crew,490987.0,6557,484,74.87982308982767
bus,MFESA,NO OPERATOR AVAILABLE DUE TO ESA,Operations/Crew,4017.0,258,4,15.569767441860465
bus,MFFD,FARE DISPUTE,Security,285.0,13,3,21.923076923076923
bus,MFLD,LABOUR DISPUTE,Operations/Crew,22.0,2,1,11.0
bus,MFO,OTHER,Unclassified,22130.0,1743,588,12.696500286861733
bus,MFPI,COLLISION/PERSONAL INJURY - TTC NOT INVOLVED,Collision,23795.0,458,36,51.95414847161572
bus,MFPR,HELD BY PARADES/MARCHES,Operations/Crew,4084.0,66,22,61.878787878787875
bus,MFS,FIRE / SMOKE,Emergency/Medical,2250.0,119,31,18.907563025210084
bus,MFSAN,UNSANITARY,Cleaning/Sanitation,43887.0,2744,34,15.993804664723031
bus,MFSH,USED AS SHUTTLE BUS,Operations/Crew,94415.0,7605,315,12.414858645627877
bus,MFTO,ILL OPERATOR & NON CHARGEABLE OPERATOR ISSUES,Emergency/Medical,33767.0,2311,211,14.611423626135872
bus,MFUI,ILL CUSTOMER - TRANSPORTED,Emergency/Medical,30252.0,2579,578,11.730127956572314
bus,MFUIR,ILL CUSTOMER - TRANSPORTATION DECLINED,Emergency/Medical,16131.0,1465,406,11.010921501706484
bus,MFUS,UNABLE TO MAINTAIN SCHEDULE,Operations/Crew,31565.0,4271,2828,7.3905408569421684
bus,MFVIS,VISION ISSUES,Unclassified,35547.0,2483,29,14.31614981876762
bus,MFWEA,WEATHER RELATED,Operations/Crew,21733.0,1272,594,17.08569182389937
bus,NOT LOGGED,Not Logged,Unclassified,10182.0,935,6,10.889839572192514
bus,OPERATIONS,Operations,Operations/Crew,9419.0,1115,19,8.447533632286996
bus,OPERATIONS - OPERATOR,Operations - Operator,Operations/Crew,742321.0,51160,1098,14.509792806880375
bus,OVERHEAD,Overhead,Track/Overhead,927.0,20,4,46.35
bus,PFO,OTHER,Unclassified,55.0,26,23,2.1153846153846154
bus,PFPD,TTC COLLISION - PROPERTY DAMAGE,Collision,5.0,25,24,0.2
bus,RAIL/SWITCHES,Rail/Switches,Track/Overhead,77.0,4,0,19.25
bus,ROAD BLOCK - NON-TTC COLLISION,Road Block - Non-TTC Collision,Collision,2291.0,38,7,60.28947368421053
bus,ROAD BLOCKED - NON-TTC COLLISION,Road Blocked - NON-TTC Collision,Collision,146830.0,2480,126,59.20564516129032
bus,ROADBLOCK BY COLLISION - NON-TTC,Roadblock by Collision - Non-TTC,Collision,154.0,1,0,154.0
bus,SECURITTY,Securitty,Security,28.0,3,0,9.333333333333334
bus,SECURITY,Security,Security,199853.0,16687,3437,11.976568586324683
bus,SFAE,ASSAULT - EMPLOYEE,Security,2643.0,227,33,11.6431718061674
bus,SFAP,ASSAULT - PATRON,Security,5622.0,503,116,11.176938369781313
bus,SFDP,DISORDERLY PATRON,Security,42930.0,3726,951,11.521739130434783
bus,SFO,OTHER,Unclassified,21764.0,2320,904,9.38103448275862
bus,SFPOL,HELD DUE TO POLICE INVESTIGATION,Security,5732.0,395,97,14.51139240506329
bus,SFSA,ASSAULT - SEXUAL,Security,456.0,50,16,9.12
bus,SFSP,SUSPICIOUS PACKAGE,Security,0.0,2,2,0.0
bus,TFCNO,NO OPERATOR AVAILABLE,Operations/Crew,128736.0,8731,41,14.744702783186348
bus,TFLF,LATE ENTERING SERVICE - FIRST VEHICLE,Operations/Crew,193.0,9,0,21.444444444444443
bus,TFLL,LATE VEHICLE - ROUTE,Operations/Crew,52.0,2,0,26.0
bus,TFO,OTHER - SWITCH VIOLATION,Track/Overhead,90304.0,5551,422,16.268059809043415
bus,TFOI,ON BOARD INJURY,Emergency/Medical,25876.0,2662,840,9.720510894064613
bus,TFPD,TTC COLLISION - PROPERTY DAMAGE,Collision,83690.0,6668,882,12.550989802039592
bus,TFPI,TTC COLLISION - PERSONAL INJURY,Collision,4977.0,336,32,14.8125
bus,UTILIZED OFF ROUTE,Utilized Off Route,Operations/Crew,767782.0,86911,1236,8.834117660595322
bus,UTILIZING OFF ROUTE,Utilizing Off Route,Operations/Crew,0.0,1,1,0.0
bus,VISION,Vision,Unclassified,68317.0,5058,49,13.50672202451562
streetcar,CLEANING,Cleaning,Cleaning/Sanitation,11522.0,1619,43,7.116738727609635
streetcar,CLEANING - DISINFECTION,Cleaning - Disinfection,Cleaning/Sanitation,87.0,9,0,9.666666666666666
streetcar,CLEANING - UNSANITARY,Cleaning - Unsanitary,Cleaning/Sanitation,37043.0,3858,30,9.601607050285121
streetcar,COLLISION - TTC INVOLVED,Collision - TTC Involved,Collision,48177.0,2494,207,19.317161186848438
streetcar,DIVERSION,Diversion,Operations/Crew,214694.0,5129,355,41.858841879508674
streetcar,EFB,BODY,Mechanical,226.0,24,1,9.416666666666666
streetcar,EFCAN,CANCELLATION,Operations/Crew,7.0,1,0,7.0
streetcar,EFD,DOORS,Mechanical,296.0,37,0,8.0
streetcar,EFDB,DISC BRAKES,Mechanical,32.0,5,0,6.4
streetcar,EFHVA,HEAT / VENT / AC,Mechanical,157.0,20,0,7.85
streetcar,EFO,OTHER,Unclassified,3430.0,414,23,8.285024154589372
streetcar,EFRA,RAMP ISSUES,Mechanical,159.0,17,0,9.352941176470589
streetcar,EMERGENCY SERVICES,Emergency Services,Emergency/Medical,114850.0,8050,1118,14.267080745341614
streetcar,ETAC,HVAC,Mechanical,407.0,39,0,10.435897435897436
streetcar,ETAX,AUXILARY POWER SUPPLY,Mechanical,174.0,17,0,10.235294117647058
streetcar,ETBO,BODY,Mechanical,1100.0,105,1,10.476190476190476
streetcar,ETCE,COMMUNICATION EQUIPMENT (INCLUDES STOP ANNOUNCEMENT),Mechanical,168.0,18,0,9.333333333333334
streetcar,ETCM,CAR MONITORING,Mechanical,858.0,51,0,16.823529411764707
streetcar,ETDB,DISC BRAKES,Mechanical,426.0,40,5,10.65
streetcar,ETDO,PASSENGER DOORS,Mechanical,1239.0,125,1,9.912
streetcar,ETDS,DESTINATION SIGNS,Mechanical,10.0,1,0,10.0
streetcar,ETFA,FAREBOX EQUIPMENT,Mechanical,20.0,2,0,10.0
streetcar,ETHV,HIGH VOLTAGE (TROLLEY Equipment),Mechanical,2346.0,67,19,35.014925373134325
streetcar,ETLT,LIGHTING,Mechanical,50.0,5,0,10.0
streetcar,ETLV,LOW VOLTAGE,Mechanical,337.0,6,0,56.166666666666664
streetcar,ETNEA,NO EQUIPMENT AVAILABLE,Operations/Crew,0.0,1,1,0.0
streetcar,ETNT,EQUIPMENT - NO TROUBLE FOUND,Unclassified,924.0,81,2,11.407407407407407
streetcar,ETO,OTHER,Unclassified,1736.0,142,10,12.225352112676056
streetcar,ETPI,PROPULSION INVERTER,Mechanical,473.0,47,1,10.063829787234043
streetcar,ETRA,RAMP,Mechanical,1540.0,95,1,16.210526315789473
streetcar,ETSA,SANDERS,Mechanical,249.0,24,0,10.375
streetcar,ETSE,SECURITY EQUIPMENT (CAMERAS/OPERATOR BARRIER),Operations/Crew,211.0,21,1,10.047619047619047
streetcar,ETTB,TRACK BRAKES,Track/Overhead,53.0,4,0,13.25
streetcar,ETTM,TRACTION MOTOR,Mechanical,90.0,5,0,18.0
streetcar,ETTR,TRUCKS,Mechanical,789.0,23,0,34.30434782608695
streetcar,ETVC,VEHICLE CONTROLS (INCLUDES PEDAL CONTROLLER),Mechanical,2279.0,143,1,15.937062937062937
streetcar,ETVE,VEHICLE (SOURCE OF PROBLEM NOT KNOWN),Mechanical,28.0,3,0,9.333333333333334
streetcar,ETWA,WARNING / ALARM SYSTEMS,Mechanical,240.0,24,0,10.0
streetcar,ETWF,WHEEL FLANGE LUBRICATOR,Mechanical,6.0,1,0,6.0
streetcar,ETWS,WINDSHIELD / WIPERS,Mechanical,356.0,39,2,9.128205128205128
streetcar,GENERAL DELAY,General Delay,Operations/Crew,154508.0,12254,2038,12.608780806267342
streetcar,HELD BY,Held By,Operations/Crew,299476.0,13936,235,21.489380022962113
streetcar,INVESTIGATION,Investigation,Security,202293.0,12678,343,15.956223379081875
streetcar,LATE,Late,Operations/Crew,1186.0,141,0,8.411347517730496
streetcar,LATE ENTERING SERVICE,Late Entering Service,Operations/Crew,686.0,86,0,7.976744186046512
streetcar,LATE LEAVING GARAGE,Late Leaving Garage,Operations/Crew,52080.0,7956,113,6.546003016591252
streetcar,MANAGEMENT,Management,Operations/Crew,121.0,17,0,7.117647058823529
streetcar,MECHANICAL,Mechanical,Mechanical,385720.0,46508,826,8.293626902898426
streetcar,MFDV,ON DIVERSION,Operations/Crew,6815.0,148,15,46.0472972972973
streetcar,MFESA,NO OPERATOR AVAILABLE DUE TO ESA,Operations/Crew,117.0,6,0,19.5
streetcar,MFO,OTHER,Unclassified,529.0,78,20,6.782051282051282
streetcar,MFPI,COLLISION/PERSONAL INJURY - TTC NOT INVOLVED,Collision,223.0,13,1,17.153846153846153
streetcar,MFPR,HELD BY PARADES/MARCHES,Operations/Crew,17.0,2,1,8.5
streetcar,MFS,FIRE / SMOKE,Emergency/Medical,10.0,1,0,10.0
streetcar,MFSAN,UNSANITARY,Cleaning/Sanitation,929.0,96,1,9.677083333333334
streetcar,MFSH,USED AS SHUTTLE BUS,Operations/Crew,2486.0,252,14,9.865079365079366
streetcar,MFTO,ILL OPERATOR & NON CHARGEABLE OPERATOR ISSUES,Emergency/Medical,380.0,31,3,12.258064516129032
streetcar,MFUI,ILL CUSTOMER - TRANSPORTED,Emergency/Medical,522.0,71,18,7.352112676056338
streetcar,MFUIR,ILL CUSTOMER - TRANSPORTATION DECLINED,Emergency/Medical,423.0,58,12,7.293103448275862
streetcar,MFUS,UNABLE TO MAINTAIN SCHEDULE,Operations/Crew,246.0,42,21,5.857142857142857
streetcar,MFVIS,VISION ISSUES,Unclassified,347.0,43,1,8.069767441860465
streetcar,MFWEA,WEATHER RELATED,Operations/Crew,63.0,17,11,3.7058823529411766
streetcar,MTAFR,AUTO FOUL RAIL,Track/Overhead,36715.0,1393,195,26.35678391959799
streetcar,MTCL,DIVISIONAL CLERK RELATED,Operations/Crew,40.0,2,0,20.0
streetcar,MTDV,ON DIVERSION,Operations/Crew,88120.0,2418,182,36.443341604631925
streetcar,MTEC,CONSTRUCTION RELATED,Operations/Crew,162.0,8,3,20.25
streetcar,MTESA,NO OPERATOR/CREW AVILABLE - ESA RELATED,Operations/Crew,649.0,53,3,12.245283018867925
streetcar,MTGD,MISCELLANEOUS GENERAL STREETCAR DELAY,Unclassified,1091.0,1233,1174,0.8848337388483374
streetcar,MTIE,INJURED EMPLOYEES,Emergency/Medical,899.0,127,68,7.078740157480315
streetcar,MTNOA,NO OPERATOR AVAILABLE,Operations/Crew,8132.0,748,35,10.871657754010695
streetcar,MTO,OTHER,Unclassified,9405.0,656,160,14.336890243902438
streetcar,MTPI,COLLISION/PERSONAL INJURY - TTC NOT INVOLVED,Collision,5586.0,144,9,38.791666666666664
streetcar,MTPOL,POLICE INVESTIGATION,Security,1696.0,90,23,18.844444444444445
streetcar,MTPR,PARADES/RACES/MARCHES,Operations/Crew,1902.0,79,18,24.075949367088608
streetcar,MTPU,USED AS A PUSHER,Operations/Crew,431.0,21,0,20.523809523809526
streetcar,MTS,FIRE / SMOKE,Emergency/Medical,646.0,18,1,35.888888888888886
streetcar,MTSAN,UNSANITARY VEHICLE,Cleaning/Sanitation,25218.0,2320,29,10.869827586206897
streetcar,MTTD,MISC. TRAINING DEPT. RELATED,Operations/Crew,99.0,6,1,16.5
streetcar,MTTO,MISC.TRANSPORTATION OTHER,Operations/Crew,2159.0,167,14,12.928143712574851
streetcar,MTTP,TRAPPED VEHICLE,Operations/Crew,7861.0,400,14,19.6525
streetcar,MTUI,INJURIED/ILL CUSTOMER - TRANSPORTED,Emergency/Medical,21178.0,1285,305,16.480933852140076
streetcar,MTUIR,INJURIED/ILL CUSTOMER - MEDICAL AID DECLINED,Emergency/Medical,11061.0,930,197,11.893548387096773
streetcar,MTUS,UNABLE TO MAINT SCHED DUE TO TRAF/PASS CONGES,Operations/Crew,7878.0,575,61,13.700869565217392
streetcar,MTVIS,VISION ISSUES,Unclassified,883.0,92,1,9.597826086956522
streetcar,MTWEA,WEATHER REPORTS / RELATED PROBLEMS,Operations/Crew,1510.0,99,38,15.252525252525253
streetcar,MTWR,WORK REFUSAL,Operations/Crew,0.0,2,2,0.0
streetcar,NOT LOGGED,Not Logged,Unclassified,8.0,2,1,4.0
streetcar,OPERATIONS,Operations,Operations/Crew,181631.0,19661,426,9.238136412186563
streetcar,OVERHEAD,Overhead,Track/Overhead,12881.0,380,96,33.89736842105263
streetcar,OVERHEAD - PANTOGRAPH,Overhead - Pantograph,Track/Overhead,7462.0,258,7,28.92248062015504
streetcar,PFPD,TTC COLLISION - PROPERTY DAMAGE,Collision,0.0,1,1,0.0
streetcar,PTNTF,SWITCH PROBLEM - NTF,Track/Overhead,103.0,56,53,1.8392857142857142
streetcar,PTO,OTHER - PLANT,Unclassified,4464.0,232,92,19.24137931034483
streetcar,PTOV,OVERHEAD DEFECT,Track/Overhead,7260.0,154,56,47.142857142857146
streetcar,PTPD,TTC COLLISION - PROPERTY DAMAGE,Collision,0.0,10,10,0.0
streetcar,PTSE,SWITCH INCIDENT - ELECTRICAL,Track/Overhead,150.0,26,19,5.769230769230769
streetcar,PTSW,SWITCH INCIDENT- MECHANICAL,Track/Overhead,354.0,16,2,22.125
streetcar,PTW,TRACK DEFECT,Track/Overhead,703.0,38,22,18.5
streetcar,RAIL/SWITCHES,Rail/Switches,Track/Overhead,3998.0,300,149,13.326666666666666
streetcar,SECURITY,Security,Security,69179.0,6484,1525,10.669185687847008
streetcar,SFAE,ASSAULT - EMPLOYEE,Security,32.0,7,3,4.571428571428571
streetcar,SFAP,ASSAULT - PATRON,Security,68.0,7,1,9.714285714285714
streetcar,SFDP,DISORDERLY PATRON,Security,774.0,106,26,7.30188679245283
streetcar,SFO,OTHER,Unclassified,377.0,56,16,6.732142857142857
streetcar,SFPOL,HELD DUE TO POLICE INVESTIGATION,Security,22.0,5,2,4.4
streetcar,STAE,ASSAULT - EMPLOYEE INVOLVED,Security,1052.0,65,24,16.184615384615384
streetcar,STAP,ASSAULT - PATRON INVOLVED,Security,3533.0,186,57,18.99462365591398
streetcar,STDP,DISORDERLY PATRON,Security,18072.0,1978,773,9.136501516683518
streetcar,STEAS,EMERGENCY ALARM STATION ACTIVATION - NO TROUBLE FOUND,Unclassified,20.0,1,0,20.0
streetcar,STO,OTHER,Unclassified,10161.0,1158,566,8.77461139896373
streetcar,STSA,ASSAULT - SEXUAL,Security,251.0,13,4,19.307692307692307
streetcar,STSP,SUSPICIOUS PACKAGE,Security,10.0,1,0,10.0
streetcar,TFCNO,NO OPERATOR AVAILABLE,Operations/Crew,2176.0,281,4,7.7437722419928825
streetcar,TFO,OTHER - SWITCH VIOLATION,Track/Overhead,619.0,87,8,7.114942528735632
streetcar,TFOI,ON BOARD INJURY,Emergency/Medical,352.0,81,39,4.345679012345679
streetcar,TFPD,TTC COLLISION - PROPERTY DAMAGE,Collision,2670.0,250,27,10.68
streetcar,TFPI,TTC COLLISION - PERSONAL INJURY,Collision,22.0,3,0,7.333333333333333
streetcar,TTLF,LATE ENTERING SERVICE - FIRST VEHICLE,Operations/Crew,124.0,2,0,62.0
streetcar,TTLL,LATE VEHICLE - ROUTE,Operations/Crew,7.0,1,0,7.0
streetcar,TTO,TRANSPORTATION - OTHER,Operations/Crew,7550.0,602,68,12.541528239202657
streetcar,TTOI,ON BOARD INJURY,Emergency/Medical,5497.0,286,81,19.22027972027972
streetcar,TTPD,TTC COLLISION - PROPERTY DAMAGE,Collision,20927.0,679,76,30.820324005891017
streetcar,TTPI,TTC COLLISION - PERSONAL INJURY,Collision,2788.0,46,0,60.608695652173914
streetcar,TTSUP,SUPERVISORY ERROR,Operations/Crew,26.0,3,1,8.666666666666666
streetcar,TTSW,OPERATOR VIOLATED SWITCH,Track/Overhead,8125.0,342,31,23.757309941520468
streetcar,TTUS,Operator Unable to Maintain schedule (Operator Related),Operations/Crew,6964.0,454,1,15.33920704845815
streetcar,UTILIZED OFF ROUTE,Utilized Off Route,Operations/Crew,38963.0,4882,76,7.9809504301515775
subway,ERAC,Air Conditioning,Mechanical,307.0,43,1,7.1395348837209305
subway,ERBO,Body,Mechanical,368.0,21,4,17.523809523809526
subway,ERCD,Consequential Delay (2nd Delay Same Fault),Mechanical,648.0,92,6,7.043478260869565
subway,ERCO,Couplers,Mechanical,446.0,41,2,10.878048780487806
subway,ERDB,Disc Brakes,Mechanical,638.0,73,3,8.73972602739726
subway,ERDO,Door Problems - Faulty Equipment,Mechanical,2962.0,674,147,4.394658753709199
subway,ERHV,High Voltage,Mechanical,496.0,9,1,55.111111111111114
subway,ERLT,Lighting System,Mechanical,41.0,7,0,5.857142857142857
subway,ERLV,Low Voltage,Mechanical,269.0,35,2,7.685714285714286
subway,ERME,RC&S Maintenance Error - (Human),Mechanical,115.0,17,2,6.764705882352941
subway,ERNEA,No Equipment Available,Operations/Crew,454.0,91,0,4.989010989010989
subway,ERNT,Equipment - No Trouble Found,Unclassified,485.0,68,8,7.132352941176471
subway,ERO,RC&S Other,Unclassified,194.0,27,5,7.185185185185185
subway,ERPR,Propulsion System,Mechanical,1484.0,220,8,6.745454545454545
subway,ERRA,Radio,Track/Overhead,108.0,18,0,6.0
subway,ERTB,Track Brakes,Track/Overhead,292.0,29,1,10.068965517241379
subway,ERTC,Train Control - VOBC,Mechanical,4219.0,587,75,7.187393526405452
subway,ERTL,Trainline System,Mechanical,527.0,37,4,14.243243243243244
subway,ERTR,Trucks,Mechanical,218.0,44,1,4.954545454545454
subway,ERVE,Vehicle,Mechanical,69.0,4,0,17.25
subway,ERWA,Warning Alarm Systems,Mechanical,229.0,42,5,5.4523809523809526
subway,ERWS,Wind Shield,Mechanical,19.0,3,0,6.333333333333333
subway,ETCA,COMPRESSED AIR,Mechanical,0.0,1,1,0.0
subway,EUAC,AIR CONDITIONING,Mechanical,1457.0,358,14,4.069832402234637
subway,EUAL,ALTERNATING CURRENT,Mechanical,361.0,74,2,4.878378378378378
subway,EUATC,ATC RC&S EQUIPMENT,Mechanical,1005.0,237,69,4.2405063291139244
subway,EUBK,BRAKES,Mechanical,6399.0,2056,996,3.112354085603113
subway,EUBO,BODY,Mechanical,2616.0,665,43,3.9338345864661655
subway,EUCA,COMPRESSED AIR,Mechanical,652.0,123,6,5.300813008130081
subway,EUCD,RC&S CONSEQUENTIAL DELAY (SECOND DELAY SAME FAULT - NO INTERVENTION),Mechanical,2310.0,491,41,4.704684317718941
subway,EUCH,CHOPPER CONTROL,Mechanical,7.0,2,0,3.5
subway,EUCO,COUPLERS,Mechanical,397.0,75,6,5.293333333333333
subway,EUDO,DOOR PROBLEMS RE:FAULTY EQUIPMENT,Mechanical,14481.0,3030,367,4.7792079207920795
subway,EUECD,ECD/LINE MECHANIC RELATED,Mechanical,322.0,67,12,4.8059701492537314
subway,EUHV,HIGH VOLTAGE,Mechanical,150.0,24,2,6.25
subway,EULT,LIGHTING SYSTEMS,Mechanical,134.0,33,1,4.0606060606060606
subway,EULV,LOW VOLTAGE,Mechanical,610.0,98,5,6.224489795918367
subway,EUME,RC&S MAINTENANCE ERROR (HUMAN ERROR - NO EQUIP.FAULT),Mechanical,2031.0,365,56,5.564383561643836
subway,EUNEA,NO EQUIPMENT AVAILABLE,Operations/Crew,473.0,135,11,3.5037037037037035
subway,EUNT,EQUIPMENT - NO TROUBLE FOUND,Unclassified,6809.0,1533,184,4.441617742987606
subway,EUO,RC&S OTHER,Unclassified,1705.0,354,55,4.81638418079096
subway,EUOE,"RC&S OPERATOR ERROR (SIGNAL VIOLATION, PLATFORM OVERSHOOT, ETC)",Track/Overhead,844.0,380,272,2.221052631578947
subway,EUOPO,OPTO (RC&S) NON-TRAIN DOOR MONITORING,Mechanical,252.0,60,10,4.2
subway,EUPI,T-1 PROPULSION SYSTEM,Mechanical,2408.0,550,55,4.378181818181818
subway,EUSC,SPEED CONTROL EQUIPMENT,Track/Overhead,1867.0,3806,3386,0.4905412506568576
subway,EUTL,TRAINLINE SYSTEM,Mechanical,1075.0,135,7,7.962962962962963
subway,EUTM,TRACTION MOTORS,Mechanical,164.0,39,2,4.205128205128205
subway,EUTR,TRUCKS,Mechanical,1184.0,187,10,6.331550802139038
subway,EUTRD,TORONTO ROCKET CAB DOORS,Mechanical,1725.0,389,27,4.434447300771208
subway,EUVA,WARNING/ALARM SYSTEM/PASSENGER SECURITY SYSTEM,Mechanical,766.0,196,15,3.9081632653061225
subway,EUVE,WORK VEHICLE,Mechanical,3544.0,269,49,13.174721189591079
subway,EUYRD,YARD/CARHOUSE RELATED PROBLEMS,Operations/Crew,1627.0,388,48,4.193298969072165
subway,MFO,OTHER,Unclassified,0.0,6,6,0.0
subway,MRCL,Divisional Clerk Related,Operations/Crew,102.0,20,1,5.1
subway,MRD,Door Problems - Passenger Related,Operations/Crew,222.0,50,12,4.44
subway,MRDD,Door Problems - Debris Related,Mechanical,57.0,29,14,1.9655172413793103
subway,MRESA,No Operator Immediately Available,Operations/Crew,28.0,5,0,5.6
subway,MRFS,Fire/Smoke Plan B - Source External to TTC,Emergency/Medical,3.0,2,1,1.5
subway,MRIE,Injured Employee,Emergency/Medical,55.0,31,27,1.7741935483870968
subway,MRLD,Labour Dispute - Subway,Operations/Crew,0.0,2,2,0.0
subway,MRNOA,No Operator Immediately Available - Not E.S.A. Related,Operations/Crew,187.0,38,5,4.921052631578948
subway,MRO,Miscellaneous Other,Unclassified,1750.0,1432,1226,1.2220670391061452
subway,MRPAA,Passenger Assistance Alarm Activated - No Trouble Found,Unclassified,165.0,234,193,0.7051282051282052
subway,MRPLA,Fire/Smoke Plan A,Emergency/Medical,206.0,9,2,22.88888888888889
subway,MRPLB,Fire/Smoke Plan B,Emergency/Medical,1097.0,30,6,36.56666666666667
subway,MRPLC,Fire/Smoke Plan C,Emergency/Medical,4.0,7,6,0.5714285714285714
subway,MRPR1,Priority One - Train in Contact With Person,Collision,86.0,1,0,86.0
subway,MRSAN,Unsanitary Vehicle,Cleaning/Sanitation,116.0,22,2,5.2727272727272725
subway,MRSTM,Scheduled Track Maintenance,Track/Overhead,33.0,17,16,1.9411764705882353
subway,MRTO,Timeout,Operations/Crew,4167.0,900,293,4.63
subway,MRUI,Injured or ill Customer (On Train) - Transported,Emergency/Medical,631.0,285,222,2.2140350877192985
subway,MRUIR,Injured or ill Customer (On Train) - Medical Aid Refused,Emergency/Medical,252.0,117,75,2.1538461538461537
subway,MRWEA,Weather Reports / Related Delays,Operations/Crew,1955.0,367,249,5.3269754768392374
subway,MTAFR,AUTO FOUL RAIL,Track/Overhead,0.0,1,1,0.0
subway,MTO,OTHER,Unclassified,0.0,2,2,0.0
subway,MTUI,INJURIED/ILL CUSTOMER - TRANSPORTED,Emergency/Medical,0.0,4,4,0.0
subway,MUATC,ATC PROJECT,Operations/Crew,15799.0,3366,722,4.693701723113488
subway,MUCL,DIVISIONAL CLERK RELATED,Operations/Crew,1596.0,364,24,4.384615384615385
subway,MUCP,CLOSURES - PLANNED,Operations/Crew,8.0,378,376,0.021164021164021163
subway,MUCSA,NO COLLECTOR AVAILABLE- E.S.A. RELATED,Operations/Crew,0.0,3,3,0.0
subway,MUD,DOOR PROBLEMS - PASSENGER RELATED,Operations/Crew,4593.0,1261,286,3.642347343378271
subway,MUDD,DOOR PROBLEMS - DEBRIS RELATED,Mechanical,10739.0,2396,397,4.482053422370618
subway,MUEC,ENGINEEERING & CONSTRUCTION RELATED,Operations/Crew,538.0,12,3,44.833333333333336
subway,MUESA,NO OPERATOR/CREW AVAILABLE - E.S.A. RELATED,Operations/Crew,330.0,89,7,3.707865168539326
subway,MUFM,"""FORCE MAJEURE"" - DELAY OVER 90 MIN. RE: WEATHER OR MAJOR EVENT",Operations/Crew,1307.0,25,7,52.28
subway,MUFS,FIRE/SMOKE PLAN B - SOURCE EXTERNAL TO TTC,Emergency/Medical,371.0,45,21,8.244444444444444
subway,MUGD,MISCELLANEOUS GENERAL SUBWAY LINE DELAYS -,Unclassified,8.0,5349,5347,0.0014956066554496167
subway,MUI,INJURED/ILL CUSTOMER ON TRAIN - TRANSPORTED,Emergency/Medical,38604.0,5246,1350,7.358749523446435
subway,MUIE,INJURED EMPLOYEES,Emergency/Medical,623.0,1318,1167,0.47268588770864944
subway,MUIR,INJURED/ILL CUSTOMER ON TRAIN - MEDICAL AID REFUSED,Emergency/Medical,34553.0,7883,2257,4.38322973487251
subway,MUIRS,INJURED/ILL CUSTOMER IN STATION - MEDICAL AID REFUSED,Emergency/Medical,1286.0,8714,8472,0.14757860913472573
subway,MUIS,INJURED/ILL CUSTOMER IN STATION - TRANSPORTED,Emergency/Medical,2234.0,22377,22080,0.09983465165124905
subway,MUNCA,NO COLLECTOR AVAILABLE - NON ESA RELATED,Operations/Crew,1.0,5358,5357,0.0001866368047779022
subway,MUNOA,NO OPERATOR AVAILABLE - NON ESA RELATED,Operations/Crew,8194.0,2251,122,3.64015992892048
subway,MUO,MISCELLANEOUS OTHER,Unclassified,13342.0,11237,9025,1.1873275785351962
subway,MUODC,OVERHEAD DOOR CONTACTED,Track/Overhead,0.0,17,17,0.0
subway,MUPAA,PAA - NO TROUBLE FOUND,Unclassified,22019.0,17012,11371,1.2943216553021397
subway,MUPF,EXTERNAL POWER FAILURE,Track/Overhead,409.0,75,40,5.453333333333333
subway,MUPLA,FIRE/SMOKE PLAN A,Emergency/Medical,1139.0,48,8,23.729166666666668
subway,MUPLB,FIRE/SMOKE PLAN B - SOURCE TTC (TRACK LEVEL),Emergency/Medical,24261.0,1350,135,17.97111111111111
subway,MUPLC,FIRE SMOKE PLAN C,Emergency/Medical,258.0,271,244,0.9520295202952029
subway,MUPR1,PRIORITY ONE - TRAIN IN CONTACT WITH PERSON,Collision,30114.0,400,15,75.285
subway,MUSAN,UNSANITARY VEHICLE,Cleaning/Sanitation,11908.0,2860,169,4.163636363636364
subway,MUSC,SI SPEED CONTROL,Track/Overhead,5417.0,22961,21579,0.23592178041026088
subway,MUTD,TRAINING DEPT. RELATED DELAYS,Operations/Crew,874.0,477,292,1.8322851153039832
subway,MUTO,MISCELLANEOUS TRANSPORTATION OTHER (EMPLOYEE NON-CHARGEABLE),Operations/Crew,10774.0,3297,715,3.267819229602669
subway,MUWEA,WEATHER REPORTS / RELATED PROBLEMS,Operations/Crew,3125.0,623,212,5.016051364365971
subway,MUWR,WORK REFUSAL,Operations/Crew,909.0,282,135,3.223404255319149
subway,NOT LOGGED,Not Logged,Unclassified,0.0,1,1,0.0
subway,PREL,Escalator/Elevator Incident,Emergency/Medical,6.0,178,177,0.033707865168539325
subway,PRO,Other,Unclassified,1191.0,95,28,12.536842105263158
subway,PRS,VCC/RCIU/CCR,Track/Overhead,1096.0,90,21,12.177777777777777
subway,PRSA,Axle Counter Related,Track/Overhead,911.0,46,2,19.804347826086957
subway,PRSL,Loop Related Failures,Track/Overhead,1422.0,26,0,54.69230769230769
subway,PRSO,Signals Other,Track/Overhead,506.0,37,2,13.675675675675675
subway,PRSP,Signals Power Supply Related,Track/Overhead,535.0,9,1,59.44444444444444
subway,PRST,Station Stairway Incident,Emergency/Medical,0.0,29,29,0.0
subway,PRSW,Switch Related,Track/Overhead,513.0,27,5,19.0
subway,PRTST,Signals - Train Stops,Track/Overhead,100.0,12,1,8.333333333333334
subway,PRW,Rail Defect/Fastenings/Power Rail,Track/Overhead,1303.0,43,10,30.302325581395348
subway,PUATC,ATC SIGNALS OTHER,Track/Overhead,403.0,146,74,2.76027397260274
subway,PUCBI,CENTRAL LOGIC CONTROLLER FAILURE,Track/Overhead,0.0,1,1,0.0
subway,PUCSC,SIGNAL CONTROL,Track/Overhead,1275.0,238,129,5.357142857142857
subway,PUCSS,CENTRAL OFFICE SIGNALLING SYSTEM (CSS),Track/Overhead,528.0,96,47,5.5
subway,PUDCS,DATA COMMUNICATIONS SYSTEM FAILURE,Track/Overhead,40.0,7,4,5.714285714285714
subway,PUEME,ELECTRICAL - MAINTENANCE ERROR,Track/Overhead,43.0,11,2,3.909090909090909
subway,PUEO,ELECTRICAL - OTHER,Track/Overhead,1393.0,185,79,7.52972972972973
subway,PUEWZ,ELECTRICAL - WORK ZONE PROBLEMS,Track/Overhead,340.0,27,5,12.592592592592593
subway,PUMEL,ANY ESCL. OR ELEV. INCIDENT - TRANSPORTED OR MEDICAL AID DECLINED,Emergency/Medical,116.0,7096,7080,0.016347237880496055
subway,PUMO,PLANT MAINTENANCE - OTHER,Track/Overhead,1212.0,1250,1164,0.9696
subway,PUMST,ANY STAIRWAY INCIDENT - TRANSPORTED OR MEDICAL AID DECLINED,Emergency/Medical,65.0,2697,2684,0.024100852799406748
subway,PUOPO,OPTO (COMMUNICATIONS) TRAIN DOOR MONITORING,Track/Overhead,19452.0,6533,2761,2.977498851982244
subway,PUSAC,SIGNALS AXLE COUNTER BLOCK FAILURE,Track/Overhead,1593.0,359,108,4.437325905292479
subway,PUSBE,BEACON FAILURE,Track/Overhead,0.0,1,1,0.0
subway,PUSCA,SCADA RELATED PROBLEMS,Track/Overhead,424.0,35,13,12.114285714285714
subway,PUSCR,SUBWAY CAR RADIO FAULT,Track/Overhead,1136.0,256,15,4.4375
subway,PUSEA,EMERGENCY ALARM STATIONS,Security,5.0,3,2,1.6666666666666667
subway,PUSI,SIGNAL OR RELATED COMPONENTS FAILURE,Track/Overhead,3942.0,1172,773,3.363481228668942
subway,PUSIO,SMART IO FAILURE,Track/Overhead,70.0,18,7,3.888888888888889
subway,PUSIS,SIGNALS TRACK WEATHER RELATED ISSUES,Track/Overhead,2054.0,610,316,3.3672131147540982
subway,PUSLC,SIGNALS LINE CONTROLLER FAILURE,Track/Overhead,0.0,1,1,0.0
subway,PUSNT,SIGNAL PROBLEM - NO TROUBLE FOUND,Unclassified,1491.0,897,590,1.6622073578595318
subway,PUSO,SIGNALS - OTHER,Track/Overhead,2519.0,691,370,3.6454413892908826
subway,PUSRA,SUBWAY RADIO SYSTEM PROBLEMS,Track/Overhead,2573.0,475,126,5.416842105263158
subway,PUSSW,TRACK SWITCH FAILURE - S/E/C RELATED PROBLEM,Track/Overhead,7068.0,543,152,13.01657458563536
subway,PUSTC,SIGNALS - TRACK CIRCUIT PROBLEMS,Track/Overhead,2397.0,766,334,3.129242819843342
subway,PUSTP,TRACTION POWER OR RELATED COMPONENTS FAILURE,Track/Overhead,1473.0,58,14,25.396551724137932
subway,PUSTS,SIGNALS - TRAIN STOPS,Track/Overhead,4236.0,1600,875,2.6475
subway,PUSWZ,WORK ZONE PROBLEMS - SIGNALS,Track/Overhead,665.0,132,53,5.037878787878788
subway,PUSZC,SIGNALS ZONE CONTROLLER FAILURE,Track/Overhead,562.0,19,2,29.57894736842105
subway,PUTCD,T&S CONTRACTOR PROBLEMS,Track/Overhead,102.0,13,8,7.846153846153846
subway,PUTD,DEBRIS AT TRACK LEVEL - CONTROLLABLE,Track/Overhead,987.0,203,93,4.862068965517241
subway,PUTDN,DEBRIS AT TRACK LEVEL - NON-CONTROLLABLE,Track/Overhead,2702.0,364,90,7.423076923076923
subway,PUTIJ,INSULATED JOINT RELATED PROBLEM,Track/Overhead,2198.0,670,317,3.280597014925373
subway,PUTIS,ICE/SNOW RELATED PROBLEM,Track/Overhead,1475.0,364,167,4.052197802197802
subway,PUTNT,T&S RELATED PROBLEM - NO TROUBLE FOUND,Unclassified,208.0,66,37,3.1515151515151514
subway,PUTOE,"T&S OPERATOR RELATED PROBLEM (VIOLATIONS, OVERSHOOTS, ETC.)",Track/Overhead,553.0,375,313,1.4746666666666666
subway,PUTR,RAIL RELATED PROBLEM,Track/Overhead,4424.0,452,65,9.787610619469026
subway,PUTS,STRUCTURE RELATED PROBLEM,Track/Overhead,564.0,39,13,14.461538461538462
subway,PUTSC,SIGNALS-CONTROL PROBLEM-TRACK,Track/Overhead,446.0,139,58,3.20863309352518
subway,PUTSM,TRACK SWITCH FAILURE - T&S RELATED PROBLEM,Track/Overhead,1114.0,110,19,10.127272727272727
subway,PUTTC,TRACK CIRCUIT PROBLEMS RE:DEFECTIVE BOLTS/BONDING,Track/Overhead,371.0,131,63,2.83206106870229
subway,PUTTP,TRACTION POWER RAIL RELATED PROBLEMS,Track/Overhead,1046.0,33,9,31.696969696969695
subway,PUTWZ,WORK ZONES PROBLEMS - TRACK,Track/Overhead,9727.0,1002,176,9.707584830339322
subway,SFAE,ASSAULT - EMPLOYEE,Security,0.0,1,1,0.0
subway,SFAP,ASSAULT - PATRON,Security,0.0,1,1,0.0
subway,SFDP,DISORDERLY PATRON,Security,0.0,4,4,0.0
subway,SFO,OTHER,Unclassified,0.0,2,2,0.0
subway,SRAE,Assault / Employee Involved,Security,51.0,20,16,2.55
subway,SRAP,Assault / Patron Involved,Security,479.0,67,39,7.149253731343284
subway,SRBT,Bomb Threat,Security,134.0,4,0,33.5
subway,SRCOL,Collector Booth Alarm Activated,Security,55.0,22,15,2.5
subway,SRDP,Disorderly Patron,Security,1113.0,229,111,4.860262008733624
subway,SREAS,Emergency Alarm Station Activation,Security,243.0,25,5,9.72
subway,SRO,Passenger Other,Unclassified,1328.0,202,99,6.574257425742574
subway,SRSA,Sexual Assault,Security,0.0,7,7,0.0
subway,SRSP,Suspicious Package,Security,0.0,1,1,0.0
subway,SRUT,Unauthorized at Track Level,Security,737.0,63,20,11.698412698412698
subway,STAE,ASSAULT - EMPLOYEE INVOLVED,Security,33.0,1,0,33.0
subway,STDP,DISORDERLY PATRON,Security,0.0,1,1,0.0
subway,STO,OTHER,Unclassified,0.0,1,1,0.0
subway,SUAE,ASSAULT / EMPLOYEE INVOLVED,Security,3729.0,1835,1465,2.0321525885558582
subway,SUAP,ASSUALT / PATRON INVOLVED,Security,13759.0,4474,3053,3.075324094769781
subway,SUBT,BOMB THREAT,Security,3724.0,123,8,30.276422764227643
subway,SUCOL,COLLECTOR BOOTH HOLD-UP ALARM ACTIVATED,Security,234.0,708,673,0.3305084745762712
subway,SUDP,DISORDERLY PATRON,Security,64472.0,22482,12253,2.867716395338493
subway,SUEAS,EAS ACTIVATED - NO TROUBLE FOUND,Unclassified,8860.0,823,40,10.765492102065613
subway,SUG,GRAFFITI / SCRATCHITI,Cleaning/Sanitation,2828.0,1258,691,2.248012718600954
subway,SUO,SECURITY OTHER,Security,29707.0,11860,8449,2.504806070826307
subway,SUPOL,HELD BY POLICE - NON TTC RELATED,Security,4938.0,592,188,8.341216216216216
subway,SUROB,ROBBERY,Security,1111.0,609,479,1.8243021346469623
subway,SUSA,ASSAULT / SEXUAL,Security,942.0,601,500,1.56738768718802
subway,SUSP,SUSPICIOUS PACKAGE,Security,1941.0,137,37,14.167883211678832
subway,SUUT,UNAUTHORIZED AT TRACK LEVEL,Security,38570.0,4609,1605,8.3684096333261
subway,TFPD,TTC COLLISION - PROPERTY DAMAGE,Collision,14.0,1,0,14.0
subway,TRDOE,Doors Open in Error,Operations/Crew,10.0,1,0,10.0
subway,TRNIP,Operator Not In Position,Operations/Crew,286.0,65,7,4.4
subway,TRNOA,No Operator Immediately Available,Operations/Crew,526.0,98,5,5.36734693877551
subway,TRO,Transportation Department - Other,Operations/Crew,740.0,139,20,5.323741007194244
subway,TRSET,Train Controls Improperly Shut Down,Operations/Crew,115.0,19,1,6.052631578947368
subway,TRST,Storm Trains,Operations/Crew,4.0,122,121,0.03278688524590164
subway,TRTC,Transit Control Related Problems,Operations/Crew,228.0,41,7,5.560975609756097
subway,TUATC,ATC OPERATOR RELATED,Operations/Crew,2061.0,514,122,4.009727626459144
subway,TUCC,TRANSIT CONTROL RELATED - TOWER CONTROLLER ERROR,Operations/Crew,3581.0,834,321,4.293764988009593
subway,TUDOE,DOORS OPEN IN ERROR,Operations/Crew,1463.0,89,5,16.43820224719101
subway,TUKEY,TWO DRUM SWITCH KEYS IN TRAIN,Track/Overhead,980.0,254,48,3.858267716535433
subway,TUML,MAINLINE STORAGE,Operations/Crew,269.0,111,75,2.4234234234234235
subway,TUMVS,OPERATOR VIOLATED SIGNAL,Track/Overhead,8910.0,4772,3157,1.8671416596814752
subway,TUNCA,NO COLLECTOR AVAILABLE,Operations/Crew,13.0,1434,1433,0.00906555090655509
subway,TUNIP,OPERATOR NOT IN POSTION,Operations/Crew,7168.0,1830,185,3.9169398907103825
subway,TUNOA,NO OPERATOR AVAILABLE,Operations/Crew,7515.0,2007,129,3.7443946188340806
subway,TUO,TRANSPORTATION OTHER,Operations/Crew,13281.0,3224,761,4.119416873449132
subway,TUOPO,OPTO OPERATOR RELATED,Operations/Crew,269.0,65,12,4.138461538461539
subway,TUOS,OPERATOR OVERSHOT PLATFORM,Operations/Crew,3493.0,1655,815,2.110574018126888
subway,TUS,UNABLE TO MAINTAIN SCHEDULE,Operations/Crew,2662.0,515,11,5.168932038834951
subway,TUSC,OPERATOR OVERSPEED,Operations/Crew,2543.0,16467,15828,0.1544300722657436
subway,TUSET,CONTROLS IMPROPERLY BLOWN DOWN,Operations/Crew,222.0,65,6,3.4153846153846152
subway,TUST,STORM TRAINS,Operations/Crew,34.0,289,281,0.11764705882352941
subway,TUSUP,SUPERVISORY ERROR,Operations/Crew,1819.0,388,67,4.688144329896907
subway,TUUR,UNAUTHORIZED TRAIN REVERSAL BY OPERATOR,Operations/Crew,13.0,3,0,4.333333333333333
