bus	CLEANING
bus	CLEANING - DISINFECTION
bus	CLEANING - UNSANITARY
bus	COLLISION - TTC
bus	COLLISION - TTC INVOLVED
bus	DIVERSION
bus	E
bus	EFAS
bus	EFB
bus	EFBK
bus	EFCAN
bus	EFCE
bus	EFCEL
bus	EFD
bus	EFDB
bus	EFEX
bus	EFFL
bus	EFFS
bus	EFHVA
bus	EFLT
bus	EFO
bus	EFP
bus	EFPO
bus	EFRA
bus	EFSD
bus	EFSE
bus	EFSP
bus	EFTI
bus	EFTRM
bus	EFVC
bus	EFVIS
bus	EFWA
bus	EFWS
bus	EMERGENCY SERVICES
bus	GENERAL DELAY
bus	HELD BY
bus	INVESTIGATION
bus	LATE
bus	LATE ENTERING SERVICE
bus	LATE ENTERING SERVICE - MECHANICAL
bus	LATE LEAVING GARAGE
bus	LATE LEAVING GARAGE - MANAGEMENT
bus	LATE LEAVING GARAGE - MECHANICAL
bus	LATE LEAVING GARAGE - OPERATIONS
bus	LATE LEAVING GARAGE - OPERATOR
bus	LATE LEAVING GARAGE - VISION
bus	MANAGEMENT
bus	MECHANICAL
bus	MFAFR
bus	MFBD
bus	MFBIO
bus	MFDI
bus	MFDV
bus	MFESA
bus	MFFD
bus	MFFL
bus	MFGD
bus	MFIE
bus	MFINF
bus	MFLD
bus	MFO
bus	MFPI
bus	MFPR
bus	MFS
bus	MFSAN
bus	MFSE
bus	MFSH
bus	MFTO
bus	MFUI
bus	MFUIR
bus	MFUS
bus	MFVIS
bus	MFWEA
bus	MFWR
bus	OPERATIONS
bus	OPERATIONS - OPERATOR
bus	OVERHEAD
bus	PFO
bus	PFPD
bus	RAIL/SWITCHES
bus	ROAD BLOCK - NON-TTC COLLISION
bus	ROAD BLOCKED - NON-TTC COLLISION
bus	ROADBLOCK BY COLLISION - NON-TTC
bus	SECURITTY
bus	SECURITY
bus	SFAE
bus	SFAP
bus	SFDP
bus	SFG
bus	SFL
bus	SFO
bus	SFPOL
bus	SFSA
bus	SFSP
bus	TFAV
bus	TFCNO
bus	TFDM
bus	TFLF
bus	TFLL
bus	TFO
bus	TFOI
bus	TFOR
bus	TFPD
bus	TFPI
bus	TFUT
bus	UTILIZED OFF ROUTE
bus	UTILIZING OFF ROUTE
bus	VISION
bus	XXXXX
streetcar	CLEANING
streetcar	CLEANING - DISINFECTION
streetcar	CLEANING - UNSANITARY
streetcar	COLLISION - TTC INVOLVED
streetcar	DIVERSION
streetcar	E
streetcar	EFAS
streetcar	EFB
streetcar	EFCAN
streetcar	EFCE
streetcar	EFCEL
streetcar	EFD
streetcar	EFDB
streetcar	EFEX
streetcar	EFFL
streetcar	EFHVA
streetcar	EFLT
streetcar	EFO
streetcar	EFRA
streetcar	EFSD
streetcar	EFSP
streetcar	EFTI
streetcar	EFTRM
streetcar	EFVIS
streetcar	EFWA
streetcar	EFWS
streetcar	EMERGENCY SERVICES
streetcar	ETAC
streetcar	ETAX
streetcar	ETBO
streetcar	ETCE
streetcar	ETCM
streetcar	ETDB
streetcar	ETDO
streetcar	ETDS
streetcar	ETFA
streetcar	ETHV
streetcar	ETLT
streetcar	ETLV
streetcar	ETNEA
streetcar	ETNT
streetcar	ETO
streetcar	ETPI
streetcar	ETPO
streetcar	ETRA
streetcar	ETSA
streetcar	ETSE
streetcar	ETTB
streetcar	ETTM
streetcar	ETTR
streetcar	ETVC
streetcar	ETVE
streetcar	ETVIS
streetcar	ETWA
streetcar	ETWF
streetcar	ETWS
streetcar	GENERAL DELAY
streetcar	HELD BY
streetcar	INVESTIGATION
streetcar	LATE
streetcar	LATE ENTERING SERVICE
streetcar	LATE LEAVING GARAGE
streetcar	MANAGEMENT
streetcar	MECHANICAL
streetcar	MFAFR
streetcar	MFBD
streetcar	MFBIO
streetcar	MFDI
streetcar	MFDV
streetcar	MFESA
streetcar	MFFL
streetcar	MFGD
streetcar	MFIE
streetcar	MFO
streetcar	MFPI
streetcar	MFPR
streetcar	MFS
streetcar	MFSAN
streetcar	MFSE
streetcar	MFSH
streetcar	MFTO
streetcar	MFUI
streetcar	MFUIR
streetcar	MFUS
streetcar	MFVIS
streetcar	MFWEA
streetcar	MTAFR
streetcar	MTBIO
streetcar	MTCL
streetcar	MTDI
streetcar	MTDV
streetcar	MTEC
streetcar	MTESA
streetcar	MTFL
streetcar	MTGD
streetcar	MTIE
streetcar	MTINF
streetcar	MTNOA
streetcar	MTO
streetcar	MTPI
streetcar	MTPOL
streetcar	MTPR
streetcar	MTPU
streetcar	MTS
streetcar	MTSAN
streetcar	MTSE
streetcar	MTSH
streetcar	MTTD
streetcar	MTTO
streetcar	MTTP
streetcar	MTUI
streetcar	MTUIR
streetcar	MTUS
streetcar	MTVIS
streetcar	MTWEA
streetcar	MTWR
streetcar	NTGD
streetcar	OPERATIONS
streetcar	OVERHEAD
streetcar	OVERHEAD - PANTOGRAPH
streetcar	PFPD
streetcar	PTNT
streetcar	PTNTF
streetcar	PTO
streetcar	PTOV
streetcar	PTPD
streetcar	PTSE
streetcar	PTSW
streetcar	PTW
streetcar	RAIL/SWITCHES
streetcar	SECURITY
streetcar	SFAE
streetcar	SFAP
streetcar	SFDP
streetcar	SFG
streetcar	SFL
streetcar	SFO
streetcar	SFPOL
streetcar	STAE
streetcar	STAP
streetcar	STDP
streetcar	STEAS
streetcar	STG
streetcar	STL
streetcar	STO
streetcar	STSA
streetcar	STSP
streetcar	TFCNO
streetcar	TFDM
streetcar	TFDP
streetcar	TFO
streetcar	TFOI
streetcar	TFOR
streetcar	TFPD
streetcar	TFPI
streetcar	TTAV
streetcar	TTDM
streetcar	TTLF
streetcar	TTLL
streetcar	TTO
streetcar	TTOI
streetcar	TTOR
streetcar	TTPD
streetcar	TTPI
streetcar	TTSUP
streetcar	TTSW
streetcar	TTUS
streetcar	UTILIZED OFF ROUTE
streetcar	XXXXX
subway	ERAC
subway	ERBO
subway	ERCD
subway	ERCO
subway	ERDB
subway	ERDO
subway	ERHV
subway	ERLT
subway	ERLV
subway	ERME
subway	ERNEA
subway	ERNT
subway	ERO
subway	ERPR
subway	ERRA
subway	ERTB
subway	ERTC
subway	ERTL
subway	ERTO
subway	ERTR
subway	ERVE
subway	ERWA
subway	ERWS
subway	ETCA
subway	EUAC
subway	EUAL
subway	EUATC
subway	EUBK
subway	EUBO
subway	EUCA
subway	EUCD
subway	EUCH
subway	EUCO
subway	EUDO
subway	EUECD
subway	EUHV
subway	EULT
subway	EULV
subway	EUME
subway	EUNEA
subway	EUNT
subway	EUO
subway	EUOE
subway	EUOPO
subway	EUPI
subway	EUSC
subway	EUTAC
subway	EUTL
subway	EUTM
subway	EUTR
subway	EUTRD
subway	EUVA
subway	EUVE
subway	EUYRD
subway	MFO
subway	MRCL
subway	MRD
subway	MRDD
subway	MRESA
subway	MRFS
subway	MRIE
subway	MRLD
subway	MRNOA
subway	MRO
subway	MRPAA
subway	MRPLA
subway	MRPLB
subway	MRPLC
subway	MRPR1
subway	MRSAN
subway	MRSTM
subway	MRTO
subway	MRUI
subway	MRUIR
subway	MRWEA
subway	MTAFR
subway	MTO
subway	MTUI
subway	MUATC
subway	MUBIO
subway	MUCL
subway	MUCP
subway	MUCSA
subway	MUD
subway	MUDD
subway	MUEC
subway	MUESA
subway	MUFL
subway	MUFM
subway	MUFS
subway	MUGD
subway	MUI
subway	MUIE
subway	MUINF
subway	MUIR
subway	MUIRS
subway	MUIS
subway	MUNCA
subway	MUNOA
subway	MUO
subway	MUODC
subway	MUPAA
subway	MUPF
subway	MUPLA
subway	MUPLB
subway	MUPLC
subway	MUPR1
subway	MUSAN
subway	MUSC
subway	MUSE
subway	MUTD
subway	MUTO
subway	MUWEA
subway	MUWR
subway	PREL
subway	PRO
subway	PRS
subway	PRSA
subway	PRSL
subway	PRSO
subway	PRSP
subway	PRST
subway	PRSW
subway	PRTST
subway	PRW
subway	PUATC
subway	PUCBI
subway	PUCSC
subway	PUCSS
subway	PUDCS
subway	PUEME
subway	PUEO
subway	PUEWZ
subway	PUFA
subway	PUMEL
subway	PUMO
subway	PUMST
subway	PUOPO
subway	PUSAC
subway	PUSBE
subway	PUSCA
subway	PUSCR
subway	PUSEA
subway	PUSI
subway	PUSIC
subway	PUSIO
subway	PUSIS
subway	PUSLC
subway	PUSNT
subway	PUSO
subway	PUSRA
subway	PUSSW
subway	PUSTC
subway	PUSTP
subway	PUSTS
subway	PUSWZ
subway	PUSZC
subway	PUTCD
subway	PUTD
subway	PUTDN
subway	PUTIJ
subway	PUTIS
subway	PUTN
subway	PUTNT
subway	PUTO
subway	PUTOE
subway	PUTR
subway	PUTS
subway	PUTSC
subway	PUTSM
subway	PUTTC
subway	PUTTP
subway	PUTWZ
subway	SFAE
subway	SFAP
subway	SFDP
subway	SFO
subway	SRAE
subway	SRAP
subway	SRBT
subway	SRCOL
subway	SRDP
subway	SREAS
subway	SRO
subway	SRSA
subway	SRSP
subway	SRUT
subway	STAE
subway	STDP
subway	STO
subway	SUAE
subway	SUAP
subway	SUBT
subway	SUCOL
subway	SUDP
subway	SUEAS
subway	SUG
subway	SUL
subway	SUO
subway	SUPD
subway	SUPOL
subway	SUROB
subway	SUSA
subway	SUSP
subway	SUUT
subway	TFPD
subway	TRDOE
subway	TRNCA
subway	TRNIP
subway	TRNOA
subway	TRO
subway	TRSET
subway	TRST
subway	TRTC
subway	TUATC
subway	TUCC
subway	TUDOE
subway	TUKEY
subway	TUML
subway	TUMVS
subway	TUNCA
subway	TUNIP
subway	TUNOA
subway	TUO
subway	TUOPO
subway	TUOS
subway	TUS
subway	TUSC
subway	TUSET
subway	TUST
subway	TUSUP
subway	TUTD
subway	TUUR
subway	XXXXX
